month,year,usage,usage_normal,area,area_normal,floor,floor_normal,avgTemp,avgTemp_normal,semester
1,2556,12541,0.0287,1641.00,0.0106,1,0.0000,28,0.4286,1
2,2556,12923,0.0297,1641.00,0.0106,1,0.0000,30,0.7143,1
3,2556,13183,0.0303,1641.00,0.0106,1,0.0000,31,0.8571,0
4,2556,11517,0.0263,1641.00,0.0106,1,0.0000,32,1.0000,0
5,2556,13752,0.0316,1641.00,0.0106,1,0.0000,32,1.0000,0
6,2556,12583,0.0288,1641.00,0.0106,1,0.0000,30,0.7143,1
7,2556,12659,0.0290,1641.00,0.0106,1,0.0000,30,0.7143,1
8,2556,13910,0.0320,1641.00,0.0106,1,0.0000,30,0.7143,1
9,2556,12340,0.0283,1641.00,0.0106,1,0.0000,29,0.5714,1
10,2556,12764,0.0293,1641.00,0.0106,1,0.0000,29,0.5714,0
11,2556,13013,0.0299,1641.00,0.0106,1,0.0000,30,0.7143,1
12,2556,10774,0.0245,1641.00,0.0106,1,0.0000,25,0.0000,1
1,2557,11038,0.0251,1641.00,0.0106,1,0.0000,25,0.0000,1
2,2557,10018,0.0227,1641.00,0.0106,1,0.0000,28,0.4286,1
3,2557,13685,0.0315,1641.00,0.0106,1,0.0000,30,0.7143,1
4,2557,11254,0.0257,1641.00,0.0106,1,0.0000,31,0.8571,1
5,2557,11369,0.0259,1641.00,0.0106,1,0.0000,31,0.8571,1
6,2557,12010,0.0275,1641.00,0.0106,1,0.0000,30,0.7143,0
7,2557,12634,0.0290,1641.00,0.0106,1,0.0000,30,0.7143,0
8,2557,12419,0.0285,1641.00,0.0106,1,0.0000,29,0.5714,1
9,2557,12534,0.0287,1641.00,0.0106,1,0.0000,29,0.5714,1
10,2557,11539,0.0263,1641.00,0.0106,1,0.0000,29,0.5714,1
11,2557,11902,0.0272,1641.00,0.0106,1,0.0000,29,0.5714,1
12,2557,11103,0.0253,1641.00,0.0106,1,0.0000,27,0.2857,1
1,2558,11221,0.0256,1641.00,0.0106,1,0.0000,26,0.1429,1
2,2558,12438,0.0285,1641.00,0.0106,1,0.0000,28,0.4286,1
3,2558,12242,0.0280,1641.00,0.0106,1,0.0000,30,0.7143,1
4,2558,11385,0.0260,1641.00,0.0106,1,0.0000,30,0.7143,1
5,2558,11529,0.0263,1641.00,0.0106,1,0.0000,31,0.8571,1
6,2558,10707,0.0244,1641.00,0.0106,1,0.0000,30,0.7143,0
7,2558,11945,0.0273,1641.00,0.0106,1,0.0000,30,0.7143,0
8,2558,11414,0.0260,1641.00,0.0106,1,0.0000,30,0.7143,1
9,2558,11027,0.0251,1641.00,0.0106,1,0.0000,29,0.5714,1
10,2558,11543,0.0264,1641.00,0.0106,1,0.0000,29,0.5714,1
11,2558,11120,0.0253,1641.00,0.0106,1,0.0000,29,0.5714,1
12,2558,11208,0.0256,1641.00,0.0106,1,0.0000,28,0.4286,1
1,2559,10820,0.0246,1641.00,0.0106,1,0.0000,27,0.2857,1
2,2559,11697,0.0267,1641.00,0.0106,1,0.0000,28,0.4286,1
3,2559,12243,0.0280,1641.00,0.0106,1,0.0000,31,0.8571,1
4,2559,11904,0.0272,1641.00,0.0106,1,0.0000,32,1.0000,1
5,2559,11144,0.0254,1641.00,0.0106,1,0.0000,32,1.0000,1
6,2559,11554,0.0264,1641.00,0.0106,1,0.0000,29,0.5714,0
7,2559,10896,0.0248,1641.00,0.0106,1,0.0000,29,0.5714,0
8,2559,11270,0.0257,1641.00,0.0106,1,0.0000,30,0.7143,1
9,2559,11049,0.0252,1641.00,0.0106,1,0.0000,29,0.5714,1
10,2559,12448,0.0285,1641.00,0.0106,1,0.0000,29,0.5714,1
11,2559,11748,0.0268,1641.00,0.0106,1,0.0000,29,0.5714,1
12,2559,11260,0.0257,1641.00,0.0106,1,0.0000,27,0.2857,1
1,2560,11107,0.0253,1641.00,0.0106,1,0.0000,27,0.2857,1
2,2560,10803,0.0246,1641.00,0.0106,1,0.0000,28,0.4286,1
3,2560,12768,0.0293,1641.00,0.0106,1,0.0000,30,0.7143,1
4,2560,10889,0.0248,1641.00,0.0106,1,0.0000,31,0.8571,1
5,2560,11427,0.0261,1641.00,0.0106,1,0.0000,30,0.7143,1
6,2560,11109,0.0253,1641.00,0.0106,1,0.0000,29,0.5714,0
7,2560,11163,0.0254,1641.00,0.0106,1,0.0000,29,0.5714,0
8,2560,11957,0.0273,1641.00,0.0106,1,0.0000,29,0.5714,1
9,2560,11125,0.0254,1641.00,0.0106,1,0.0000,29,0.5714,1
10,2560,10251,0.0233,1641.00,0.0106,1,0.0000,28,0.4286,1
11,2560,11072,0.0252,1641.00,0.0106,1,0.0000,28,0.4286,1
12,2560,10178,0.0231,1641.00,0.0106,1,0.0000,26,0.1429,1
1,2561,9975,0.0226,1641.00,0.0106,1,0.0000,27,0.2857,1
2,2561,9817,0.0222,1641.00,0.0106,1,0.0000,27,0.2857,1
3,2561,11304,0.0258,1641.00,0.0106,1,0.0000,29,0.5714,1
4,2561,9964,0.0226,1641.00,0.0106,1,0.0000,29,0.5714,1
1,2556,146000,0.3484,13621.03,0.2743,11,1.0000,28,0.4286,1
2,2556,134000,0.3197,13621.03,0.2743,11,1.0000,30,0.7143,1
3,2556,166000,0.3963,13621.03,0.2743,11,1.0000,31,0.8571,0
4,2556,122000,0.2910,13621.03,0.2743,11,1.0000,32,1.0000,0
5,2556,154000,0.3676,13621.03,0.2743,11,1.0000,32,1.0000,0
6,2556,170000,0.4059,13621.03,0.2743,11,1.0000,30,0.7143,1
7,2556,148000,0.3532,13621.03,0.2743,11,1.0000,30,0.7143,1
8,2556,165000,0.3940,13621.03,0.2743,11,1.0000,30,0.7143,1
9,2556,143000,0.3413,13621.03,0.2743,11,1.0000,29,0.5714,1
10,2556,155000,0.3700,13621.03,0.2743,11,1.0000,29,0.5714,0
11,2556,140000,0.3341,13621.03,0.2743,11,1.0000,30,0.7143,1
12,2556,106000,0.2526,13621.03,0.2743,11,1.0000,25,0.0000,1
1,2557,119000,0.2838,13621.03,0.2743,11,1.0000,25,0.0000,1
2,2557,116000,0.2766,13621.03,0.2743,11,1.0000,28,0.4286,1
3,2557,141000,0.3365,13621.03,0.2743,11,1.0000,30,0.7143,1
4,2557,128000,0.3053,13621.03,0.2743,11,1.0000,31,0.8571,1
5,2557,137000,0.3269,13621.03,0.2743,11,1.0000,31,0.8571,1
6,2557,139000,0.3317,13621.03,0.2743,11,1.0000,30,0.7143,0
7,2557,139000,0.3317,13621.03,0.2743,11,1.0000,30,0.7143,0
8,2557,140000,0.3341,13621.03,0.2743,11,1.0000,29,0.5714,1
9,2557,142000,0.3389,13621.03,0.2743,11,1.0000,29,0.5714,1
10,2557,140000,0.3341,13621.03,0.2743,11,1.0000,29,0.5714,1
11,2557,140000,0.3341,13621.03,0.2743,11,1.0000,29,0.5714,1
12,2557,120000,0.2862,13621.03,0.2743,11,1.0000,27,0.2857,1
1,2558,126000,0.3005,13621.03,0.2743,11,1.0000,26,0.1429,1
2,2558,120000,0.2862,13621.03,0.2743,11,1.0000,28,0.4286,1
3,2558,134000,0.3197,13621.03,0.2743,11,1.0000,30,0.7143,1
4,2558,127000,0.3029,13621.03,0.2743,11,1.0000,30,0.7143,1
5,2558,142000,0.3389,13621.03,0.2743,11,1.0000,31,0.8571,1
6,2558,141000,0.3365,13621.03,0.2743,11,1.0000,30,0.7143,0
7,2558,160000,0.3820,13621.03,0.2743,11,1.0000,30,0.7143,0
8,2558,142000,0.3389,13621.03,0.2743,11,1.0000,30,0.7143,1
9,2558,144000,0.3436,13621.03,0.2743,11,1.0000,29,0.5714,1
10,2558,146000,0.3484,13621.03,0.2743,11,1.0000,29,0.5714,1
11,2558,145000,0.3460,13621.03,0.2743,11,1.0000,29,0.5714,1
12,2558,127000,0.3029,13621.03,0.2743,11,1.0000,28,0.4286,1
1,2559,128000,0.3053,13621.03,0.2743,11,1.0000,27,0.2857,1
2,2559,115000,0.2742,13621.03,0.2743,11,1.0000,28,0.4286,1
3,2559,146000,0.3484,13621.03,0.2743,11,1.0000,31,0.8571,1
4,2559,125000,0.2981,13621.03,0.2743,11,1.0000,32,1.0000,1
5,2559,122000,0.2910,13621.03,0.2743,11,1.0000,32,1.0000,1
6,2559,149000,0.3556,13621.03,0.2743,11,1.0000,29,0.5714,0
7,2559,135000,0.3221,13621.03,0.2743,11,1.0000,29,0.5714,0
8,2559,148000,0.3532,13621.03,0.2743,11,1.0000,30,0.7143,1
9,2559,146000,0.3484,13621.03,0.2743,11,1.0000,29,0.5714,1
10,2559,152000,0.3628,13621.03,0.2743,11,1.0000,29,0.5714,1
11,2559,140000,0.3341,13621.03,0.2743,11,1.0000,29,0.5714,1
12,2559,128000,0.3053,13621.03,0.2743,11,1.0000,27,0.2857,1
1,2560,128000,0.3053,13621.03,0.2743,11,1.0000,27,0.2857,1
2,2560,123000,0.2933,13621.03,0.2743,11,1.0000,28,0.4286,1
3,2560,144000,0.3436,13621.03,0.2743,11,1.0000,30,0.7143,1
4,2560,117000,0.2790,13621.03,0.2743,11,1.0000,31,0.8571,1
5,2560,133000,0.3173,13621.03,0.2743,11,1.0000,30,0.7143,1
6,2560,142000,0.3389,13621.03,0.2743,11,1.0000,29,0.5714,0
7,2560,134000,0.3197,13621.03,0.2743,11,1.0000,29,0.5714,0
8,2560,145000,0.3460,13621.03,0.2743,11,1.0000,29,0.5714,1
9,2560,140000,0.3341,13621.03,0.2743,11,1.0000,29,0.5714,1
10,2560,118000,0.2814,13621.03,0.2743,11,1.0000,28,0.4286,1
11,2560,134000,0.3197,13621.03,0.2743,11,1.0000,28,0.4286,1
12,2560,122000,0.2910,13621.03,0.2743,11,1.0000,26,0.1429,1
1,2561,117000,0.2790,13621.03,0.2743,11,1.0000,27,0.2857,1
2,2561,123000,0.2933,13621.03,0.2743,11,1.0000,27,0.2857,1
3,2561,140000,0.3341,13621.03,0.2743,11,1.0000,29,0.5714,1
4,2561,109000,0.2598,13621.03,0.2743,11,1.0000,29,0.5714,1
9,2561,137000,0.3269,13621.03,0.2743,11,1.0000,29,0.5714,1
9,2558,20000,0.0466,2714.21,0.0343,3,0.2000,29,0.5714,1
10,2558,21000,0.0490,2714.21,0.0343,3,0.2000,29,0.5714,1
11,2558,20000,0.0466,2714.21,0.0343,3,0.2000,29,0.5714,1
12,2558,19000,0.0442,2714.21,0.0343,3,0.2000,28,0.4286,1
1,2559,18000,0.0418,2714.21,0.0343,3,0.2000,27,0.2857,1
2,2559,16000,0.0370,2714.21,0.0343,3,0.2000,28,0.4286,1
3,2559,20000,0.0466,2714.21,0.0343,3,0.2000,31,0.8571,1
4,2559,20000,0.0466,2714.21,0.0343,3,0.2000,32,1.0000,1
5,2559,20000,0.0466,2714.21,0.0343,3,0.2000,32,1.0000,1
6,2559,22000,0.0514,2714.21,0.0343,3,0.2000,29,0.5714,0
7,2559,18000,0.0418,2714.21,0.0343,3,0.2000,29,0.5714,0
8,2559,19000,0.0442,2714.21,0.0343,3,0.2000,30,0.7143,1
9,2559,22000,0.0514,2714.21,0.0343,3,0.2000,29,0.5714,1
10,2559,18000,0.0418,2714.21,0.0343,3,0.2000,29,0.5714,1
11,2559,20000,0.0466,2714.21,0.0343,3,0.2000,29,0.5714,1
12,2559,16000,0.0370,2714.21,0.0343,3,0.2000,27,0.2857,1
1,2560,16000,0.0370,2714.21,0.0343,3,0.2000,27,0.2857,1
2,2560,16000,0.0370,2714.21,0.0343,3,0.2000,28,0.4286,1
3,2560,18000,0.0418,2714.21,0.0343,3,0.2000,30,0.7143,1
4,2560,17000,0.0394,2714.21,0.0343,3,0.2000,31,0.8571,1
5,2560,17000,0.0394,2714.21,0.0343,3,0.2000,30,0.7143,1
8,2560,18000,0.0418,2714.21,0.0343,3,0.2000,29,0.5714,1
9,2560,21000,0.0490,2714.21,0.0343,3,0.2000,29,0.5714,1
10,2560,17000,0.0394,2714.21,0.0343,3,0.2000,28,0.4286,1
11,2560,18000,0.0418,2714.21,0.0343,3,0.2000,28,0.4286,1
12,2560,18000,0.0418,2714.21,0.0343,3,0.2000,26,0.1429,1
1,2561,13000,0.0298,2714.21,0.0343,3,0.2000,27,0.2857,1
2,2561,17000,0.0394,2714.21,0.0343,3,0.2000,27,0.2857,1
3,2561,20000,0.0466,2714.21,0.0343,3,0.2000,29,0.5714,1
4,2561,18000,0.0418,2714.21,0.0343,3,0.2000,29,0.5714,1
5,2561,18000,0.0418,2714.21,0.0343,3,0.2000,29,0.5714,1
6,2561,19000,0.0442,2714.21,0.0343,3,0.2000,30,0.7143,0
7,2561,18000,0.0418,2714.21,0.0343,3,0.2000,29,0.5714,0
8,2561,17000,0.0394,2714.21,0.0343,3,0.2000,29,0.5714,1
9,2558,353000,0.8443,12723.74,0.2545,11,1.0000,29,0.5714,1
10,2558,399000,0.9545,12723.74,0.2545,11,1.0000,29,0.5714,1
11,2558,400000,0.9569,12723.74,0.2545,11,1.0000,29,0.5714,1
12,2558,387000,0.9257,12723.74,0.2545,11,1.0000,28,0.4286,1
1,2559,352000,0.8419,12723.74,0.2545,11,1.0000,27,0.2857,1
2,2559,363000,0.8683,12723.74,0.2545,11,1.0000,28,0.4286,1
3,2559,396000,0.9473,12723.74,0.2545,11,1.0000,31,0.8571,1
4,2559,409000,0.9784,12723.74,0.2545,11,1.0000,32,1.0000,1
5,2559,418000,1.0000,12723.74,0.2545,11,1.0000,32,1.0000,1
6,2559,381000,0.9114,12723.74,0.2545,11,1.0000,29,0.5714,0
7,2559,386000,0.9233,12723.74,0.2545,11,1.0000,29,0.5714,0
8,2559,391000,0.9353,12723.74,0.2545,11,1.0000,30,0.7143,1
9,2559,350000,0.8371,12723.74,0.2545,11,1.0000,29,0.5714,1
10,2559,357000,0.8539,12723.74,0.2545,11,1.0000,29,0.5714,1
11,2559,357000,0.8539,12723.74,0.2545,11,1.0000,29,0.5714,1
12,2559,325000,0.7772,12723.74,0.2545,11,1.0000,27,0.2857,1
1,2560,314000,0.7509,12723.74,0.2545,11,1.0000,27,0.2857,1
2,2560,304000,0.7269,12723.74,0.2545,11,1.0000,28,0.4286,1
3,2560,391000,0.9353,12723.74,0.2545,11,1.0000,30,0.7143,1
4,2560,342000,0.8179,12723.74,0.2545,11,1.0000,31,0.8571,1
5,2560,369000,0.8826,12723.74,0.2545,11,1.0000,30,0.7143,1
7,2560,355000,0.8491,12723.74,0.2545,11,1.0000,29,0.5714,0
8,2560,362000,0.8659,12723.74,0.2545,11,1.0000,29,0.5714,1
9,2560,346000,0.8275,12723.74,0.2545,11,1.0000,29,0.5714,1
10,2560,335000,0.8012,12723.74,0.2545,11,1.0000,28,0.4286,1
11,2560,321000,0.7676,12723.74,0.2545,11,1.0000,28,0.4286,1
12,2560,317000,0.7581,12723.74,0.2545,11,1.0000,26,0.1429,1
1,2561,330000,0.7892,12723.74,0.2545,11,1.0000,27,0.2857,1
2,2561,332000,0.7940,12723.74,0.2545,11,1.0000,27,0.2857,1
3,2561,402000,0.9617,12723.74,0.2545,11,1.0000,29,0.5714,1
4,2561,377000,0.9018,12723.74,0.2545,11,1.0000,29,0.5714,1
5,2561,392000,0.9377,12723.74,0.2545,11,1.0000,29,0.5714,1
6,2561,394000,0.9425,12723.74,0.2545,11,1.0000,30,0.7143,0
7,2561,382000,0.9138,12723.74,0.2545,11,1.0000,29,0.5714,0
8,2561,361000,0.8635,12723.74,0.2545,11,1.0000,29,0.5714,1
1,2556,31280,0.0736,1567.36,0.0090,2,0.1000,28,0.4286,1
2,2556,36320,0.0857,1567.36,0.0090,2,0.1000,30,0.7143,1
3,2556,26080,0.0612,1567.36,0.0090,2,0.1000,31,0.8571,0
4,2556,32720,0.0771,1567.36,0.0090,2,0.1000,32,1.0000,0
5,2556,34560,0.0815,1567.36,0.0090,2,0.1000,32,1.0000,0
6,2556,36320,0.0857,1567.36,0.0090,2,0.1000,30,0.7143,1
7,2556,36320,0.0857,1567.36,0.0090,2,0.1000,30,0.7143,1
8,2556,5680,0.0123,1567.36,0.0090,2,0.1000,30,0.7143,1
9,2556,22000,0.0514,1567.36,0.0090,2,0.1000,29,0.5714,1
10,2556,24160,0.0566,1567.36,0.0090,2,0.1000,29,0.5714,0
11,2556,11360,0.0259,1567.36,0.0090,2,0.1000,30,0.7143,1
12,2556,15040,0.0347,1567.36,0.0090,2,0.1000,25,0.0000,1
1,2557,19760,0.0460,1567.36,0.0090,2,0.1000,25,0.0000,1
2,2557,24960,0.0585,1567.36,0.0090,2,0.1000,28,0.4286,1
3,2557,30000,0.0706,1567.36,0.0090,2,0.1000,30,0.7143,1
4,2557,31760,0.0748,1567.36,0.0090,2,0.1000,31,0.8571,1
5,2557,23760,0.0556,1567.36,0.0090,2,0.1000,31,0.8571,1
6,2557,28720,0.0675,1567.36,0.0090,2,0.1000,30,0.7143,0
7,2557,36480,0.0861,1567.36,0.0090,2,0.1000,30,0.7143,0
8,2557,31120,0.0733,1567.36,0.0090,2,0.1000,29,0.5714,1
9,2557,32676,0.0770,1567.36,0.0090,2,0.1000,29,0.5714,1
10,2557,24124,0.0565,1567.36,0.0090,2,0.1000,29,0.5714,1
11,2557,30240,0.0711,1567.36,0.0090,2,0.1000,29,0.5714,1
12,2557,29280,0.0688,1567.36,0.0090,2,0.1000,27,0.2857,1
1,2558,27440,0.0644,1567.36,0.0090,2,0.1000,26,0.1429,1
2,2558,26480,0.0621,1567.36,0.0090,2,0.1000,28,0.4286,1
3,2558,24880,0.0583,1567.36,0.0090,2,0.1000,30,0.7143,1
4,2558,24000,0.0562,1567.36,0.0090,2,0.1000,30,0.7143,1
5,2558,29600,0.0696,1567.36,0.0090,2,0.1000,31,0.8571,1
6,2558,31600,0.0744,1567.36,0.0090,2,0.1000,30,0.7143,0
7,2558,27760,0.0652,1567.36,0.0090,2,0.1000,30,0.7143,0
8,2558,37200,0.0878,1567.36,0.0090,2,0.1000,30,0.7143,1
9,2558,26560,0.0623,1567.36,0.0090,2,0.1000,29,0.5714,1
10,2558,32480,0.0765,1567.36,0.0090,2,0.1000,29,0.5714,1
11,2558,27200,0.0639,1567.36,0.0090,2,0.1000,29,0.5714,1
12,2558,33280,0.0784,1567.36,0.0090,2,0.1000,28,0.4286,1
1,2559,21760,0.0508,1567.36,0.0090,2,0.1000,27,0.2857,1
2,2559,26560,0.0623,1567.36,0.0090,2,0.1000,28,0.4286,1
3,2559,29600,0.0696,1567.36,0.0090,2,0.1000,31,0.8571,1
4,2559,30480,0.0717,1567.36,0.0090,2,0.1000,32,1.0000,1
5,2559,32320,0.0761,1567.36,0.0090,2,0.1000,32,1.0000,1
6,2559,29440,0.0692,1567.36,0.0090,2,0.1000,29,0.5714,0
7,2559,22880,0.0535,1567.36,0.0090,2,0.1000,29,0.5714,0
8,2559,27600,0.0648,1567.36,0.0090,2,0.1000,30,0.7143,1
9,2559,29840,0.0702,1567.36,0.0090,2,0.1000,29,0.5714,1
10,2559,27680,0.0650,1567.36,0.0090,2,0.1000,29,0.5714,1
11,2559,33760,0.0796,1567.36,0.0090,2,0.1000,29,0.5714,1
12,2559,27680,0.0650,1567.36,0.0090,2,0.1000,27,0.2857,1
1,2560,24616,0.0577,1567.36,0.0090,2,0.1000,27,0.2857,1
2,2560,33384,0.0787,1567.36,0.0090,2,0.1000,28,0.4286,1
3,2560,32800,0.0773,1567.36,0.0090,2,0.1000,30,0.7143,1
4,2560,31920,0.0752,1567.36,0.0090,2,0.1000,31,0.8571,1
5,2560,26880,0.0631,1567.36,0.0090,2,0.1000,30,0.7143,1
6,2560,27680,0.0650,1567.36,0.0090,2,0.1000,29,0.5714,0
7,2560,28080,0.0660,1567.36,0.0090,2,0.1000,29,0.5714,0
8,2560,36000,0.0849,1567.36,0.0090,2,0.1000,29,0.5714,1
9,2560,33280,0.0784,1567.36,0.0090,2,0.1000,29,0.5714,1
10,2560,35840,0.0846,1567.36,0.0090,2,0.1000,28,0.4286,1
11,2560,33120,0.0780,1567.36,0.0090,2,0.1000,28,0.4286,1
12,2560,32560,0.0767,1567.36,0.0090,2,0.1000,26,0.1429,1
1,2561,2160,0.0039,1567.36,0.0090,2,0.1000,27,0.2857,1
2,2561,14960,0.0345,1567.36,0.0090,2,0.1000,27,0.2857,1
3,2561,18480,0.0430,1567.36,0.0090,2,0.1000,29,0.5714,1
4,2561,28640,0.0673,1567.36,0.0090,2,0.1000,29,0.5714,1
5,2561,49120,0.1164,1567.36,0.0090,2,0.1000,29,0.5714,1
6,2561,21360,0.0499,1567.36,0.0090,2,0.1000,30,0.7143,0
7,2561,24080,0.0564,1567.36,0.0090,2,0.1000,29,0.5714,0
8,2561,34000,0.0802,1567.36,0.0090,2,0.1000,29,0.5714,1
9,2561,34720,0.0819,1567.36,0.0090,2,0.1000,29,0.5714,1
10,2561,24720,0.0579,1567.36,0.0090,2,0.1000,29,0.5714,1
11,2561,26800,0.0629,1567.36,0.0090,2,0.1000,29,0.5714,1
12,2561,22880,0.0535,1567.36,0.0090,2,0.1000,28,0.4286,1
1,2556,110240,0.2628,2665.17,0.0332,4,0.3000,28,0.4286,1
2,2556,112080,0.2672,2665.17,0.0332,4,0.3000,30,0.7143,1
3,2556,87287,0.2078,2665.17,0.0332,4,0.3000,31,0.8571,0
4,2556,102264,0.2437,2665.17,0.0332,4,0.3000,32,1.0000,0
5,2556,103886,0.2476,2665.17,0.0332,4,0.3000,32,1.0000,0
6,2556,116807,0.2785,2665.17,0.0332,4,0.3000,30,0.7143,1
7,2556,83527,0.1988,2665.17,0.0332,4,0.3000,30,0.7143,1
8,2556,80649,0.1919,2665.17,0.0332,4,0.3000,30,0.7143,1
9,2556,113144,0.2697,2665.17,0.0332,4,0.3000,29,0.5714,1
10,2556,66955,0.1591,2665.17,0.0332,4,0.3000,29,0.5714,0
11,2556,65772,0.1563,2665.17,0.0332,4,0.3000,30,0.7143,1
12,2556,80415,0.1913,2665.17,0.0332,4,0.3000,25,0.0000,1
1,2557,86535,0.2060,2665.17,0.0332,4,0.3000,25,0.0000,1
2,2557,99859,0.2379,2665.17,0.0332,4,0.3000,28,0.4286,1
3,2557,114548,0.2731,2665.17,0.0332,4,0.3000,30,0.7143,1
4,2557,120601,0.2876,2665.17,0.0332,4,0.3000,31,0.8571,1
5,2557,75196,0.1788,2665.17,0.0332,4,0.3000,31,0.8571,1
6,2557,62107,0.1475,2665.17,0.0332,4,0.3000,30,0.7143,0
7,2557,118037,0.2815,2665.17,0.0332,4,0.3000,30,0.7143,0
8,2557,119177,0.2842,2665.17,0.0332,4,0.3000,29,0.5714,1
9,2557,125136,0.2985,2665.17,0.0332,4,0.3000,29,0.5714,1
10,2557,54331,0.1289,2665.17,0.0332,4,0.3000,29,0.5714,1
11,2557,92361,0.2200,2665.17,0.0332,4,0.3000,29,0.5714,1
12,2557,91309,0.2174,2665.17,0.0332,4,0.3000,27,0.2857,1
1,2558,72743,0.1730,2665.17,0.0332,4,0.3000,26,0.1429,1
2,2558,71770,0.1706,2665.17,0.0332,4,0.3000,28,0.4286,1
3,2558,71201,0.1693,2665.17,0.0332,4,0.3000,30,0.7143,1
4,2558,73292,0.1743,2665.17,0.0332,4,0.3000,30,0.7143,1
5,2558,94120,0.2242,2665.17,0.0332,4,0.3000,31,0.8571,1
6,2558,97000,0.2311,2665.17,0.0332,4,0.3000,30,0.7143,0
7,2558,88240,0.2101,2665.17,0.0332,4,0.3000,30,0.7143,0
8,2558,169273,0.4042,2665.17,0.0332,4,0.3000,30,0.7143,1
9,2558,51125,0.1212,2665.17,0.0332,4,0.3000,29,0.5714,1
10,2558,62512,0.1485,2665.17,0.0332,4,0.3000,29,0.5714,1
11,2558,67833,0.1612,2665.17,0.0332,4,0.3000,29,0.5714,1
12,2558,82880,0.1972,2665.17,0.0332,4,0.3000,28,0.4286,1
1,2559,50402,0.1194,2665.17,0.0332,4,0.3000,27,0.2857,1
2,2559,61576,0.1462,2665.17,0.0332,4,0.3000,28,0.4286,1
3,2559,77089,0.1834,2665.17,0.0332,4,0.3000,31,0.8571,1
4,2559,79522,0.1892,2665.17,0.0332,4,0.3000,32,1.0000,1
5,2559,84391,0.2009,2665.17,0.0332,4,0.3000,32,1.0000,1
6,2559,77725,0.1849,2665.17,0.0332,4,0.3000,29,0.5714,0
7,2559,43780,0.1036,2665.17,0.0332,4,0.3000,29,0.5714,0
8,2559,59345,0.1409,2665.17,0.0332,4,0.3000,30,0.7143,1
9,2559,64270,0.1527,2665.17,0.0332,4,0.3000,29,0.5714,1
10,2559,69489,0.1652,2665.17,0.0332,4,0.3000,29,0.5714,1
11,2559,75543,0.1797,2665.17,0.0332,4,0.3000,29,0.5714,1
12,2559,61830,0.1468,2665.17,0.0332,4,0.3000,27,0.2857,1
1,2560,57829,0.1372,2665.17,0.0332,4,0.3000,27,0.2857,1
2,2560,67966,0.1615,2665.17,0.0332,4,0.3000,28,0.4286,1
3,2560,66857,0.1589,2665.17,0.0332,4,0.3000,30,0.7143,1
4,2560,64876,0.1541,2665.17,0.0332,4,0.3000,31,0.8571,1
5,2560,65665,0.1560,2665.17,0.0332,4,0.3000,30,0.7143,1
6,2560,67781,0.1611,2665.17,0.0332,4,0.3000,29,0.5714,0
7,2560,68718,0.1633,2665.17,0.0332,4,0.3000,29,0.5714,0
8,2560,77950,0.1854,2665.17,0.0332,4,0.3000,29,0.5714,1
9,2560,71916,0.1710,2665.17,0.0332,4,0.3000,29,0.5714,1
10,2560,77788,0.1850,2665.17,0.0332,4,0.3000,28,0.4286,1
11,2560,71754,0.1706,2665.17,0.0332,4,0.3000,28,0.4286,1
12,2560,70729,0.1681,2665.17,0.0332,4,0.3000,26,0.1429,1
1,2561,13421,0.0309,2665.17,0.0332,4,0.3000,27,0.2857,1
2,2561,64655,0.1536,2665.17,0.0332,4,0.3000,27,0.2857,1
3,2561,42487,0.1005,2665.17,0.0332,4,0.3000,29,0.5714,1
4,2561,63730,0.1514,2665.17,0.0332,4,0.3000,29,0.5714,1
5,2561,48130,0.1140,2665.17,0.0332,4,0.3000,29,0.5714,1
6,2561,71545,0.1701,2665.17,0.0332,4,0.3000,30,0.7143,0
7,2561,80732,0.1921,2665.17,0.0332,4,0.3000,29,0.5714,0
8,2561,70737,0.1682,2665.17,0.0332,4,0.3000,29,0.5714,1
9,2561,75938,0.1806,2665.17,0.0332,4,0.3000,29,0.5714,1
10,2561,47116,0.1116,2665.17,0.0332,4,0.3000,29,0.5714,1
11,2561,50983,0.1208,2665.17,0.0332,4,0.3000,29,0.5714,1
12,2561,46785,0.1108,2665.17,0.0332,4,0.3000,28,0.4286,1
1,2556,33400,0.0787,4094.27,0.0646,8,0.7000,28,0.4286,1
2,2556,39200,0.0926,4094.27,0.0646,8,0.7000,30,0.7143,1
3,2556,19600,0.0457,4094.27,0.0646,8,0.7000,31,0.8571,0
4,2556,35800,0.0845,4094.27,0.0646,8,0.7000,32,1.0000,0
5,2556,37600,0.0888,4094.27,0.0646,8,0.7000,32,1.0000,0
6,2556,39200,0.0926,4094.27,0.0646,8,0.7000,30,0.7143,1
7,2556,39200,0.0926,4094.27,0.0646,8,0.7000,30,0.7143,1
8,2556,15900,0.0368,4094.27,0.0646,8,0.7000,30,0.7143,1
9,2556,47600,0.1127,4094.27,0.0646,8,0.7000,29,0.5714,1
10,2556,21400,0.0500,4094.27,0.0646,8,0.7000,29,0.5714,0
11,2556,20000,0.0466,4094.27,0.0646,8,0.7000,30,0.7143,1
12,2556,24600,0.0576,4094.27,0.0646,8,0.7000,25,0.0000,1
1,2557,9400,0.0212,4094.27,0.0646,8,0.7000,25,0.0000,1
2,2557,30800,0.0725,4094.27,0.0646,8,0.7000,28,0.4286,1
3,2557,34400,0.0811,4094.27,0.0646,8,0.7000,30,0.7143,1
4,2557,38200,0.0902,4094.27,0.0646,8,0.7000,31,0.8571,1
5,2557,27400,0.0643,4094.27,0.0646,8,0.7000,31,0.8571,1
6,2557,7000,0.0155,4094.27,0.0646,8,0.7000,30,0.7143,0
7,2557,34000,0.0802,4094.27,0.0646,8,0.7000,30,0.7143,0
8,2557,55200,0.1309,4094.27,0.0646,8,0.7000,29,0.5714,1
9,2557,57960,0.1375,4094.27,0.0646,8,0.7000,29,0.5714,1
10,2557,38040,0.0898,4094.27,0.0646,8,0.7000,29,0.5714,1
11,2557,54000,0.1281,4094.27,0.0646,8,0.7000,29,0.5714,1
12,2557,51600,0.1223,4094.27,0.0646,8,0.7000,27,0.2857,1
1,2558,15600,0.0361,4094.27,0.0646,8,0.7000,26,0.1429,1
2,2558,13200,0.0303,4094.27,0.0646,8,0.7000,28,0.4286,1
3,2558,9200,0.0207,4094.27,0.0646,8,0.7000,30,0.7143,1
4,2558,7000,0.0155,4094.27,0.0646,8,0.7000,30,0.7143,1
5,2558,12000,0.0275,4094.27,0.0646,8,0.7000,31,0.8571,1
6,2558,15200,0.0351,4094.27,0.0646,8,0.7000,30,0.7143,0
7,2558,21200,0.0495,4094.27,0.0646,8,0.7000,30,0.7143,0
8,2558,33600,0.0792,4094.27,0.0646,8,0.7000,30,0.7143,1
9,2558,29800,0.0701,4094.27,0.0646,8,0.7000,29,0.5714,1
10,2558,36600,0.0864,4094.27,0.0646,8,0.7000,29,0.5714,1
11,2558,30000,0.0706,4094.27,0.0646,8,0.7000,29,0.5714,1
12,2558,12977,0.0298,4094.27,0.0646,8,0.7000,28,0.4286,1
1,2559,1023,0.0012,4094.27,0.0646,8,0.7000,27,0.2857,1
2,2559,1000,0.0011,4094.27,0.0646,8,0.7000,28,0.4286,1
3,2559,7800,0.0174,4094.27,0.0646,8,0.7000,31,0.8571,1
4,2559,8000,0.0179,4094.27,0.0646,8,0.7000,32,1.0000,1
5,2559,8600,0.0193,4094.27,0.0646,8,0.7000,32,1.0000,1
6,2559,8200,0.0183,4094.27,0.0646,8,0.7000,29,0.5714,0
7,2559,2000,0.0035,4094.27,0.0646,8,0.7000,29,0.5714,0
8,2559,5600,0.0121,4094.27,0.0646,8,0.7000,30,0.7143,1
9,2559,6200,0.0136,4094.27,0.0646,8,0.7000,29,0.5714,1
10,2559,7280,0.0161,4094.27,0.0646,8,0.7000,29,0.5714,1
11,2559,6720,0.0148,4094.27,0.0646,8,0.7000,29,0.5714,1
12,2559,5600,0.0121,4094.27,0.0646,8,0.7000,27,0.2857,1
1,2560,5244,0.0113,4094.27,0.0646,8,0.7000,27,0.2857,1
2,2560,6756,0.0149,4094.27,0.0646,8,0.7000,28,0.4286,1
3,2560,6600,0.0145,4094.27,0.0646,8,0.7000,30,0.7143,1
4,2560,6400,0.0140,4094.27,0.0646,8,0.7000,31,0.8571,1
5,2560,6400,0.0140,4094.27,0.0646,8,0.7000,30,0.7143,1
6,2560,6400,0.0140,4094.27,0.0646,8,0.7000,29,0.5714,0
7,2560,6600,0.0145,4094.27,0.0646,8,0.7000,29,0.5714,0
8,2560,7600,0.0169,4094.27,0.0646,8,0.7000,29,0.5714,1
9,2560,7000,0.0155,4094.27,0.0646,8,0.7000,29,0.5714,1
10,2560,7200,0.0160,4094.27,0.0646,8,0.7000,28,0.4286,1
11,2560,6600,0.0145,4094.27,0.0646,8,0.7000,28,0.4286,1
12,2560,6600,0.0145,4094.27,0.0646,8,0.7000,26,0.1429,1
1,2561,5600,0.0121,4094.27,0.0646,8,0.7000,27,0.2857,1
2,2561,4600,0.0097,4094.27,0.0646,8,0.7000,27,0.2857,1
3,2561,2800,0.0054,4094.27,0.0646,8,0.7000,29,0.5714,1
4,2561,4000,0.0083,4094.27,0.0646,8,0.7000,29,0.5714,1
5,2561,3600,0.0073,4094.27,0.0646,8,0.7000,29,0.5714,1
6,2561,7400,0.0164,4094.27,0.0646,8,0.7000,30,0.7143,0
7,2561,8400,0.0188,4094.27,0.0646,8,0.7000,29,0.5714,0
8,2561,3404,0.0069,4094.27,0.0646,8,0.7000,29,0.5714,1
9,2561,3900,0.0080,4094.27,0.0646,8,0.7000,29,0.5714,1
10,2561,2400,0.0045,4094.27,0.0646,8,0.7000,29,0.5714,1
11,2561,2700,0.0052,4094.27,0.0646,8,0.7000,29,0.5714,1
12,2561,3800,0.0078,4094.27,0.0646,8,0.7000,28,0.4286,1
1,2556,121000,0.2886,11685.45,0.2317,7,0.6000,28,0.4286,1
2,2556,119000,0.2838,11685.45,0.2317,7,0.6000,30,0.7143,1
3,2556,147000,0.3508,11685.45,0.2317,7,0.6000,31,0.8571,0
4,2556,125000,0.2981,11685.45,0.2317,7,0.6000,32,1.0000,0
5,2556,150000,0.3580,11685.45,0.2317,7,0.6000,32,1.0000,0
6,2556,138000,0.3293,11685.45,0.2317,7,0.6000,30,0.7143,1
7,2556,128000,0.3053,11685.45,0.2317,7,0.6000,30,0.7143,1
8,2556,142000,0.3389,11685.45,0.2317,7,0.6000,30,0.7143,1
9,2556,132000,0.3149,11685.45,0.2317,7,0.6000,29,0.5714,1
10,2556,136000,0.3245,11685.45,0.2317,7,0.6000,29,0.5714,0
11,2556,136000,0.3245,11685.45,0.2317,7,0.6000,30,0.7143,1
12,2556,94000,0.2239,11685.45,0.2317,7,0.6000,25,0.0000,1
1,2557,94000,0.2239,11685.45,0.2317,7,0.6000,25,0.0000,1
2,2557,108000,0.2574,11685.45,0.2317,7,0.6000,28,0.4286,1
3,2557,117999,0.2814,11685.45,0.2317,7,0.6000,30,0.7143,1
4,2557,126000,0.3005,11685.45,0.2317,7,0.6000,31,0.8571,1
5,2557,133000,0.3173,11685.45,0.2317,7,0.6000,31,0.8571,1
6,2557,135000,0.3221,11685.45,0.2317,7,0.6000,30,0.7143,0
7,2557,138000,0.3293,11685.45,0.2317,7,0.6000,30,0.7143,0
8,2557,131000,0.3125,11685.45,0.2317,7,0.6000,29,0.5714,1
9,2557,129000,0.3077,11685.45,0.2317,7,0.6000,29,0.5714,1
10,2557,129000,0.3077,11685.45,0.2317,7,0.6000,29,0.5714,1
11,2557,128000,0.3053,11685.45,0.2317,7,0.6000,29,0.5714,1
12,2557,112000,0.2670,11685.45,0.2317,7,0.6000,27,0.2857,1
1,2558,108000,0.2574,11685.45,0.2317,7,0.6000,26,0.1429,1
2,2558,114000,0.2718,11685.45,0.2317,7,0.6000,28,0.4286,1
3,2558,123000,0.2933,11685.45,0.2317,7,0.6000,30,0.7143,1
4,2558,122000,0.2910,11685.45,0.2317,7,0.6000,30,0.7143,1
5,2558,134000,0.3197,11685.45,0.2317,7,0.6000,31,0.8571,1
6,2558,131000,0.3125,11685.45,0.2317,7,0.6000,30,0.7143,0
7,2558,143000,0.3413,11685.45,0.2317,7,0.6000,30,0.7143,0
8,2558,128000,0.3053,11685.45,0.2317,7,0.6000,30,0.7143,1
9,2558,127000,0.3029,11685.45,0.2317,7,0.6000,29,0.5714,1
10,2558,125000,0.2981,11685.45,0.2317,7,0.6000,29,0.5714,1
11,2558,124000,0.2957,11685.45,0.2317,7,0.6000,29,0.5714,1
12,2558,135000,0.3221,11685.45,0.2317,7,0.6000,28,0.4286,1
1,2559,128000,0.3053,11685.45,0.2317,7,0.6000,27,0.2857,1
2,2559,122000,0.2910,11685.45,0.2317,7,0.6000,28,0.4286,1
3,2559,149000,0.3556,11685.45,0.2317,7,0.6000,31,0.8571,1
4,2559,139000,0.3317,11685.45,0.2317,7,0.6000,32,1.0000,1
5,2559,140000,0.3341,11685.45,0.2317,7,0.6000,32,1.0000,1
6,2559,153000,0.3652,11685.45,0.2317,7,0.6000,29,0.5714,0
7,2559,141000,0.3365,11685.45,0.2317,7,0.6000,29,0.5714,0
8,2559,151000,0.3604,11685.45,0.2317,7,0.6000,30,0.7143,1
9,2559,127000,0.3029,11685.45,0.2317,7,0.6000,29,0.5714,1
10,2559,159000,0.3796,11685.45,0.2317,7,0.6000,29,0.5714,1
11,2559,143000,0.3413,11685.45,0.2317,7,0.6000,29,0.5714,1
12,2559,135000,0.3221,11685.45,0.2317,7,0.6000,27,0.2857,1
1,2560,131000,0.3125,11685.45,0.2317,7,0.6000,27,0.2857,1
2,2560,124000,0.2957,11685.45,0.2317,7,0.6000,28,0.4286,1
3,2560,160000,0.3820,11685.45,0.2317,7,0.6000,30,0.7143,1
4,2560,137000,0.3269,11685.45,0.2317,7,0.6000,31,0.8571,1
5,2560,151000,0.3604,11685.45,0.2317,7,0.6000,30,0.7143,1
6,2560,151000,0.3604,11685.45,0.2317,7,0.6000,29,0.5714,0
7,2560,147000,0.3508,11685.45,0.2317,7,0.6000,29,0.5714,0
8,2560,153000,0.3652,11685.45,0.2317,7,0.6000,29,0.5714,1
9,2560,154000,0.3676,11685.45,0.2317,7,0.6000,29,0.5714,1
10,2560,119000,0.2838,11685.45,0.2317,7,0.6000,28,0.4286,1
11,2560,141000,0.3365,11685.45,0.2317,7,0.6000,28,0.4286,1
12,2560,141000,0.3365,11685.45,0.2317,7,0.6000,26,0.1429,1
1,2561,129000,0.3077,11685.45,0.2317,7,0.6000,27,0.2857,1
2,2561,127000,0.3029,11685.45,0.2317,7,0.6000,27,0.2857,1
3,2561,144000,0.3436,11685.45,0.2317,7,0.6000,29,0.5714,1
4,2561,118000,0.2814,11685.45,0.2317,7,0.6000,29,0.5714,1
5,2561,140000,0.3341,11685.45,0.2317,7,0.6000,29,0.5714,1
6,2561,152000,0.3628,11685.45,0.2317,7,0.6000,30,0.7143,0
7,2561,143000,0.3413,11685.45,0.2317,7,0.6000,29,0.5714,0
8,2561,148000,0.3532,11685.45,0.2317,7,0.6000,29,0.5714,1
9,2561,150000,0.3580,11685.45,0.2317,7,0.6000,29,0.5714,1
10,2561,134000,0.3197,11685.45,0.2317,7,0.6000,29,0.5714,1
11,2561,144000,0.3436,11685.45,0.2317,7,0.6000,29,0.5714,1
12,2561,134000,0.3197,11685.45,0.2317,7,0.6000,28,0.4286,1
1,2556,211000,0.5041,46603.04,1.0000,6,0.5000,28,0.4286,1
2,2556,264000,0.6311,46603.04,1.0000,6,0.5000,30,0.7143,1
3,2556,253000,0.6048,46603.04,1.0000,6,0.5000,31,0.8571,0
4,2556,197000,0.4706,46603.04,1.0000,6,0.5000,32,1.0000,0
5,2556,240000,0.5736,46603.04,1.0000,6,0.5000,32,1.0000,0
6,2556,244000,0.5832,46603.04,1.0000,6,0.5000,30,0.7143,1
7,2556,258000,0.6167,46603.04,1.0000,6,0.5000,30,0.7143,1
8,2556,241000,0.5760,46603.04,1.0000,6,0.5000,30,0.7143,1
9,2556,297000,0.7102,46603.04,1.0000,6,0.5000,29,0.5714,1
10,2556,223000,0.5329,46603.04,1.0000,6,0.5000,29,0.5714,0
11,2556,243000,0.5808,46603.04,1.0000,6,0.5000,30,0.7143,1
12,2556,213000,0.5089,46603.04,1.0000,6,0.5000,25,0.0000,1
1,2557,166000,0.3963,46603.04,1.0000,6,0.5000,25,0.0000,1
2,2557,207000,0.4946,46603.04,1.0000,6,0.5000,28,0.4286,1
3,2557,265000,0.6335,46603.04,1.0000,6,0.5000,30,0.7143,1
4,2557,203000,0.4850,46603.04,1.0000,6,0.5000,31,0.8571,1
5,2557,224000,0.5353,46603.04,1.0000,6,0.5000,31,0.8571,1
6,2557,221000,0.5281,46603.04,1.0000,6,0.5000,30,0.7143,0
7,2557,220000,0.5257,46603.04,1.0000,6,0.5000,30,0.7143,0
8,2557,227000,0.5425,46603.04,1.0000,6,0.5000,29,0.5714,1
9,2557,270000,0.6455,46603.04,1.0000,6,0.5000,29,0.5714,1
10,2557,247000,0.5904,46603.04,1.0000,6,0.5000,29,0.5714,1
11,2557,283000,0.6766,46603.04,1.0000,6,0.5000,29,0.5714,1
12,2557,250000,0.5976,46603.04,1.0000,6,0.5000,27,0.2857,1
1,2558,196000,0.4682,46603.04,1.0000,6,0.5000,26,0.1429,1
2,2558,232000,0.5544,46603.04,1.0000,6,0.5000,28,0.4286,1
3,2558,284000,0.6790,46603.04,1.0000,6,0.5000,30,0.7143,1
4,2558,260000,0.6215,46603.04,1.0000,6,0.5000,30,0.7143,1
5,2558,334000,0.7988,46603.04,1.0000,6,0.5000,31,0.8571,1
6,2558,233000,0.5568,46603.04,1.0000,6,0.5000,30,0.7143,0
7,2558,255000,0.6095,46603.04,1.0000,6,0.5000,30,0.7143,0
8,2558,231000,0.5521,46603.04,1.0000,6,0.5000,30,0.7143,1
9,2558,297000,0.7102,46603.04,1.0000,6,0.5000,29,0.5714,1
10,2558,244000,0.5832,46603.04,1.0000,6,0.5000,29,0.5714,1
11,2558,278000,0.6646,46603.04,1.0000,6,0.5000,29,0.5714,1
12,2558,267000,0.6383,46603.04,1.0000,6,0.5000,28,0.4286,1
1,2559,210000,0.5017,46603.04,1.0000,6,0.5000,27,0.2857,1
2,2559,260000,0.6215,46603.04,1.0000,6,0.5000,28,0.4286,1
3,2559,272000,0.6503,46603.04,1.0000,6,0.5000,31,0.8571,1
4,2559,284000,0.6790,46603.04,1.0000,6,0.5000,32,1.0000,1
5,2559,309000,0.7389,46603.04,1.0000,6,0.5000,32,1.0000,1
6,2559,231000,0.5521,46603.04,1.0000,6,0.5000,29,0.5714,0
7,2559,209000,0.4994,46603.04,1.0000,6,0.5000,29,0.5714,0
8,2559,244000,0.5832,46603.04,1.0000,6,0.5000,30,0.7143,1
9,2559,284000,0.6790,46603.04,1.0000,6,0.5000,29,0.5714,1
10,2559,220000,0.5257,46603.04,1.0000,6,0.5000,29,0.5714,1
11,2559,285000,0.6814,46603.04,1.0000,6,0.5000,29,0.5714,1
12,2559,217000,0.5185,46603.04,1.0000,6,0.5000,27,0.2857,1
1,2560,209000,0.4994,46603.04,1.0000,6,0.5000,27,0.2857,1
2,2560,253000,0.6048,46603.04,1.0000,6,0.5000,28,0.4286,1
3,2560,261000,0.6239,46603.04,1.0000,6,0.5000,30,0.7143,1
4,2560,233000,0.5568,46603.04,1.0000,6,0.5000,31,0.8571,1
5,2560,310000,0.7413,46603.04,1.0000,6,0.5000,30,0.7143,1
6,2560,310000,0.7413,46603.04,1.0000,6,0.5000,29,0.5714,0
7,2560,211000,0.5041,46603.04,1.0000,6,0.5000,29,0.5714,0
8,2560,243000,0.5808,46603.04,1.0000,6,0.5000,29,0.5714,1
9,2560,265000,0.6335,46603.04,1.0000,6,0.5000,29,0.5714,1
10,2560,216000,0.5161,46603.04,1.0000,6,0.5000,28,0.4286,1
11,2560,228000,0.5449,46603.04,1.0000,6,0.5000,28,0.4286,1
12,2560,228000,0.5449,46603.04,1.0000,6,0.5000,26,0.1429,1
1,2561,194000,0.4634,46603.04,1.0000,6,0.5000,27,0.2857,1
2,2561,221000,0.5281,46603.04,1.0000,6,0.5000,27,0.2857,1
3,2561,308000,0.7365,46603.04,1.0000,6,0.5000,29,0.5714,1
4,2561,267000,0.6383,46603.04,1.0000,6,0.5000,29,0.5714,1
5,2561,339000,0.8108,46603.04,1.0000,6,0.5000,29,0.5714,1
6,2561,275000,0.6575,46603.04,1.0000,6,0.5000,30,0.7143,0
7,2561,264000,0.6311,46603.04,1.0000,6,0.5000,29,0.5714,0
8,2561,293000,0.7006,46603.04,1.0000,6,0.5000,29,0.5714,1
9,2561,312000,0.7461,46603.04,1.0000,6,0.5000,29,0.5714,1
10,2561,331000,0.7916,46603.04,1.0000,6,0.5000,29,0.5714,1
11,2561,332000,0.7940,46603.04,1.0000,6,0.5000,29,0.5714,1
12,2561,306000,0.7317,46603.04,1.0000,6,0.5000,28,0.4286,1
1,2556,75051,0.1785,7776.12,0.1456,8,0.7000,28,0.4286,1
2,2556,74900,0.1781,7776.12,0.1456,8,0.7000,30,0.7143,1
3,2556,66685,0.1584,7776.12,0.1456,8,0.7000,31,0.8571,0
4,2556,66000,0.1568,7776.12,0.1456,8,0.7000,32,1.0000,0
5,2556,64198,0.1525,7776.12,0.1456,8,0.7000,32,1.0000,0
6,2556,61216,0.1453,7776.12,0.1456,8,0.7000,30,0.7143,1
7,2556,61216,0.1453,7776.12,0.1456,8,0.7000,30,0.7143,1
8,2556,38713,0.0914,7776.12,0.1456,8,0.7000,30,0.7143,1
9,2556,54773,0.1299,7776.12,0.1456,8,0.7000,29,0.5714,1
10,2556,55000,0.1305,7776.12,0.1456,8,0.7000,29,0.5714,0
11,2556,74773,0.1778,7776.12,0.1456,8,0.7000,30,0.7143,1
12,2556,40000,0.0945,7776.12,0.1456,8,0.7000,25,0.0000,1
1,2557,42457,0.1004,7776.12,0.1456,8,0.7000,25,0.0000,1
2,2557,67061,0.1593,7776.12,0.1456,8,0.7000,28,0.4286,1
3,2557,67061,0.1593,7776.12,0.1456,8,0.7000,30,0.7143,1
4,2557,67061,0.1593,7776.12,0.1456,8,0.7000,31,0.8571,1
5,2557,67061,0.1593,7776.12,0.1456,8,0.7000,31,0.8571,1
6,2557,67061,0.1593,7776.12,0.1456,8,0.7000,30,0.7143,0
7,2557,61645,0.1464,7776.12,0.1456,8,0.7000,30,0.7143,0
8,2557,61645,0.1464,7776.12,0.1456,8,0.7000,29,0.5714,1
9,2557,34138,0.0805,7776.12,0.1456,8,0.7000,29,0.5714,1
10,2557,46553,0.1102,7776.12,0.1456,8,0.7000,29,0.5714,1
11,2557,55644,0.1320,7776.12,0.1456,8,0.7000,29,0.5714,1
12,2557,31296,0.0737,7776.12,0.1456,8,0.7000,27,0.2857,1
1,2558,35174,0.0830,7776.12,0.1456,8,0.7000,26,0.1429,1
2,2558,29968,0.0705,7776.12,0.1456,8,0.7000,28,0.4286,1
3,2558,29968,0.0705,7776.12,0.1456,8,0.7000,30,0.7143,1
4,2558,29310,0.0689,7776.12,0.1456,8,0.7000,30,0.7143,1
5,2558,31863,0.0750,7776.12,0.1456,8,0.7000,31,0.8571,1
6,2558,26661,0.0626,7776.12,0.1456,8,0.7000,30,0.7143,0
7,2558,28629,0.0673,7776.12,0.1456,8,0.7000,30,0.7143,0
8,2558,28068,0.0659,7776.12,0.1456,8,0.7000,30,0.7143,1
9,2558,31850,0.0750,7776.12,0.1456,8,0.7000,29,0.5714,1
10,2558,28068,0.0659,7776.12,0.1456,8,0.7000,29,0.5714,1
11,2558,28068,0.0659,7776.12,0.1456,8,0.7000,29,0.5714,1
12,2558,28068,0.0659,7776.12,0.1456,8,0.7000,28,0.4286,1
1,2559,28068,0.0659,7776.12,0.1456,8,0.7000,27,0.2857,1
2,2559,28068,0.0659,7776.12,0.1456,8,0.7000,28,0.4286,1
3,2559,28068,0.0659,7776.12,0.1456,8,0.7000,31,0.8571,1
4,2559,28068,0.0659,7776.12,0.1456,8,0.7000,32,1.0000,1
5,2559,28068,0.0659,7776.12,0.1456,8,0.7000,32,1.0000,1
6,2559,28068,0.0659,7776.12,0.1456,8,0.7000,29,0.5714,0
7,2559,28068,0.0659,7776.12,0.1456,8,0.7000,29,0.5714,0
8,2559,28068,0.0659,7776.12,0.1456,8,0.7000,30,0.7143,1
9,2559,28068,0.0659,7776.12,0.1456,8,0.7000,29,0.5714,1
10,2559,28068,0.0659,7776.12,0.1456,8,0.7000,29,0.5714,1
11,2559,28068,0.0659,7776.12,0.1456,8,0.7000,29,0.5714,1
12,2559,28068,0.0659,7776.12,0.1456,8,0.7000,27,0.2857,1
1,2560,28068,0.0659,7776.12,0.1456,8,0.7000,27,0.2857,1
2,2560,28068,0.0659,7776.12,0.1456,8,0.7000,28,0.4286,1
3,2560,27711,0.0651,7776.12,0.1456,8,0.7000,30,0.7143,1
4,2560,58850,0.1397,7776.12,0.1456,8,0.7000,31,0.8571,1
5,2560,56996,0.1352,7776.12,0.1456,8,0.7000,30,0.7143,1
6,2560,61031,0.1449,7776.12,0.1456,8,0.7000,29,0.5714,0
7,2560,53404,0.1266,7776.12,0.1456,8,0.7000,29,0.5714,0
8,2560,51036,0.1210,7776.12,0.1456,8,0.7000,29,0.5714,1
9,2560,64950,0.1543,7776.12,0.1456,8,0.7000,29,0.5714,1
10,2560,49549,0.1174,7776.12,0.1456,8,0.7000,28,0.4286,1
11,2560,48275,0.1143,7776.12,0.1456,8,0.7000,28,0.4286,1
12,2560,42656,0.1009,7776.12,0.1456,8,0.7000,26,0.1429,1
1,2561,55142,0.1308,7776.12,0.1456,8,0.7000,27,0.2857,1
2,2561,53331,0.1265,7776.12,0.1456,8,0.7000,27,0.2857,1
3,2561,52513,0.1245,7776.12,0.1456,8,0.7000,29,0.5714,1
4,2561,52864,0.1253,7776.12,0.1456,8,0.7000,29,0.5714,1
5,2561,52312,0.1240,7776.12,0.1456,8,0.7000,29,0.5714,1
6,2561,54833,0.1301,7776.12,0.1456,8,0.7000,30,0.7143,0
7,2561,54604,0.1295,7776.12,0.1456,8,0.7000,29,0.5714,0
8,2561,48841,0.1157,7776.12,0.1456,8,0.7000,29,0.5714,1
9,2561,45574,0.1079,7776.12,0.1456,8,0.7000,29,0.5714,1
10,2561,59016,0.1401,7776.12,0.1456,8,0.7000,29,0.5714,1
11,2561,56651,0.1344,7776.12,0.1456,8,0.7000,29,0.5714,1
12,2561,44077,0.1043,7776.12,0.1456,8,0.7000,28,0.4286,1
1,2556,17400,0.0404,1157.22,0.0000,2,0.1000,28,0.4286,1
2,2556,20760,0.0484,1157.22,0.0000,2,0.1000,30,0.7143,1
3,2556,15720,0.0364,1157.22,0.0000,2,0.1000,31,0.8571,0
4,2556,16800,0.0389,1157.22,0.0000,2,0.1000,32,1.0000,0
5,2556,22320,0.0522,1157.22,0.0000,2,0.1000,32,1.0000,0
6,2556,20760,0.0484,1157.22,0.0000,2,0.1000,30,0.7143,1
7,2556,20760,0.0484,1157.22,0.0000,2,0.1000,30,0.7143,1
8,2556,540,0.0000,1157.22,0.0000,2,0.1000,30,0.7143,1
9,2556,2640,0.0050,1157.22,0.0000,2,0.1000,29,0.5714,1
10,2556,3240,0.0065,1157.22,0.0000,2,0.1000,29,0.5714,0
11,2556,3360,0.0068,1157.22,0.0000,2,0.1000,30,0.7143,1
12,2556,6120,0.0134,1157.22,0.0000,2,0.1000,25,0.0000,1
1,2557,7200,0.0160,1157.22,0.0000,2,0.1000,25,0.0000,1
2,2557,14400,0.0332,1157.22,0.0000,2,0.1000,28,0.4286,1
3,2557,15720,0.0364,1157.22,0.0000,2,0.1000,30,0.7143,1
4,2557,22680,0.0530,1157.22,0.0000,2,0.1000,31,0.8571,1
5,2557,15240,0.0352,1157.22,0.0000,2,0.1000,31,0.8571,1
6,2557,18600,0.0433,1157.22,0.0000,2,0.1000,30,0.7143,0
7,2557,21480,0.0502,1157.22,0.0000,2,0.1000,30,0.7143,0
8,2557,18480,0.0430,1157.22,0.0000,2,0.1000,29,0.5714,1
9,2557,19404,0.0452,1157.22,0.0000,2,0.1000,29,0.5714,1
10,2557,14556,0.0336,1157.22,0.0000,2,0.1000,29,0.5714,1
11,2557,17520,0.0407,1157.22,0.0000,2,0.1000,29,0.5714,1
12,2557,15960,0.0369,1157.22,0.0000,2,0.1000,27,0.2857,1
1,2558,27480,0.0645,1157.22,0.0000,2,0.1000,26,0.1429,1
2,2558,4320,0.0091,1157.22,0.0000,2,0.1000,28,0.4286,1
3,2558,13560,0.0312,1157.22,0.0000,2,0.1000,30,0.7143,1
4,2558,15000,0.0346,1157.22,0.0000,2,0.1000,30,0.7143,1
5,2558,21840,0.0510,1157.22,0.0000,2,0.1000,31,0.8571,1
6,2558,21360,0.0499,1157.22,0.0000,2,0.1000,30,0.7143,0
7,2558,21240,0.0496,1157.22,0.0000,2,0.1000,30,0.7143,0
8,2558,30600,0.0720,1157.22,0.0000,2,0.1000,30,0.7143,1
9,2558,17520,0.0407,1157.22,0.0000,2,0.1000,29,0.5714,1
10,2558,21360,0.0499,1157.22,0.0000,2,0.1000,29,0.5714,1
11,2558,19920,0.0464,1157.22,0.0000,2,0.1000,29,0.5714,1
12,2558,24360,0.0571,1157.22,0.0000,2,0.1000,28,0.4286,1
1,2559,17280,0.0401,1157.22,0.0000,2,0.1000,27,0.2857,1
2,2559,21120,0.0493,1157.22,0.0000,2,0.1000,28,0.4286,1
3,2559,23880,0.0559,1157.22,0.0000,2,0.1000,31,0.8571,1
4,2559,24600,0.0576,1157.22,0.0000,2,0.1000,32,1.0000,1
5,2559,26040,0.0611,1157.22,0.0000,2,0.1000,32,1.0000,1
6,2559,21840,0.0510,1157.22,0.0000,2,0.1000,29,0.5714,0
7,2559,23640,0.0553,1157.22,0.0000,2,0.1000,29,0.5714,0
8,2559,19560,0.0456,1157.22,0.0000,2,0.1000,30,0.7143,1
9,2559,21120,0.0493,1157.22,0.0000,2,0.1000,29,0.5714,1
10,2559,25212,0.0591,1157.22,0.0000,2,0.1000,29,0.5714,1
11,2559,19188,0.0447,1157.22,0.0000,2,0.1000,29,0.5714,1
12,2559,15600,0.0361,1157.22,0.0000,2,0.1000,27,0.2857,1
1,2560,25320,0.0594,1157.22,0.0000,2,0.1000,27,0.2857,1
2,2560,24600,0.0576,1157.22,0.0000,2,0.1000,28,0.4286,1
3,2560,24240,0.0568,1157.22,0.0000,2,0.1000,30,0.7143,1
4,2560,23520,0.0550,1157.22,0.0000,2,0.1000,31,0.8571,1
5,2560,21360,0.0499,1157.22,0.0000,2,0.1000,30,0.7143,1
6,2560,22080,0.0516,1157.22,0.0000,2,0.1000,29,0.5714,0
7,2560,22440,0.0525,1157.22,0.0000,2,0.1000,29,0.5714,0
8,2560,23880,0.0559,1157.22,0.0000,2,0.1000,29,0.5714,1
9,2560,21960,0.0513,1157.22,0.0000,2,0.1000,29,0.5714,1
10,2560,23640,0.0553,1157.22,0.0000,2,0.1000,28,0.4286,1
11,2560,21720,0.0507,1157.22,0.0000,2,0.1000,28,0.4286,1
12,2560,21480,0.0502,1157.22,0.0000,2,0.1000,26,0.1429,1
1,2561,6000,0.0131,1157.22,0.0000,2,0.1000,27,0.2857,1
2,2561,22440,0.0525,1157.22,0.0000,2,0.1000,27,0.2857,1
3,2561,15360,0.0355,1157.22,0.0000,2,0.1000,29,0.5714,1
4,2561,22920,0.0536,1157.22,0.0000,2,0.1000,29,0.5714,1
5,2561,37680,0.0890,1157.22,0.0000,2,0.1000,29,0.5714,1
6,2561,22200,0.0519,1157.22,0.0000,2,0.1000,30,0.7143,0
7,2561,25080,0.0588,1157.22,0.0000,2,0.1000,29,0.5714,0
8,2561,9360,0.0211,1157.22,0.0000,2,0.1000,29,0.5714,1
9,2561,25800,0.0605,1157.22,0.0000,2,0.1000,29,0.5714,1
10,2561,23040,0.0539,1157.22,0.0000,2,0.1000,29,0.5714,1
11,2561,24960,0.0585,1157.22,0.0000,2,0.1000,29,0.5714,1
12,2561,12120,0.0277,1157.22,0.0000,2,0.1000,28,0.4286,1