area,area_normal,floor,floor_normal,avgTemp,avgTemp_normal,semester,lecture,office,multipurpose,laboratory,domitory,parking,usage
4028.20,0.1935,3,0.1429,29,0.5714,1,1,0,0,0,0,0,30993
4028.20,0.1935,3,0.1429,29,0.5714,1,1,0,0,0,0,0,30099
4028.20,0.1935,3,0.1429,31,0.8571,1,1,0,0,0,0,0,33907
4028.20,0.1935,3,0.1429,32,1.0000,1,1,0,0,0,0,0,33548
4028.20,0.1935,3,0.1429,32,1.0000,1,1,0,0,0,0,0,34740
4028.20,0.1935,3,0.1429,29,0.5714,1,1,0,0,0,0,0,34749
4028.20,0.1935,3,0.1429,30,0.7143,1,1,0,0,0,0,0,32267
4028.20,0.1935,3,0.1429,31,0.8571,1,1,0,0,0,0,0,32351
4028.20,0.1935,3,0.1429,30,0.7143,1,1,0,0,0,0,0,33710
4028.20,0.1935,3,0.1429,29,0.5714,1,1,0,0,0,0,0,33487
1949.16,0.0785,4,0.2143,25,0.0000,1,1,0,0,0,0,0,63000
1949.16,0.0785,4,0.2143,31,0.8571,1,1,0,0,0,0,0,70000
1949.16,0.0785,4,0.2143,31,0.8571,1,1,0,0,0,0,0,65000
1949.16,0.0785,4,0.2143,30,0.7143,0,1,0,0,0,0,0,50000
1949.16,0.0785,4,0.2143,30,0.7143,0,1,0,0,0,0,0,47000
1949.16,0.0785,4,0.2143,29,0.5714,1,1,0,0,0,0,0,47000
1949.16,0.0785,4,0.2143,26,0.1429,1,1,0,0,0,0,0,51000
1949.16,0.0785,4,0.2143,30,0.7143,0,1,0,0,0,0,0,63000
1949.16,0.0785,4,0.2143,30,0.7143,1,1,0,0,0,0,0,61000
1949.16,0.0785,4,0.2143,27,0.2857,1,1,0,0,0,0,0,56000
1949.16,0.0785,4,0.2143,27,0.2857,1,1,0,0,0,0,0,58000
1949.16,0.0785,4,0.2143,27,0.2857,1,1,0,0,0,0,0,69000
6956.23,0.3556,10,0.6429,26,0.1429,1,1,0,0,0,0,0,34000
6956.23,0.3556,10,0.6429,28,0.4286,1,1,0,0,0,0,0,38000
6956.23,0.3556,10,0.6429,30,0.7143,1,1,0,0,0,0,0,42000
6956.23,0.3556,10,0.6429,30,0.7143,1,1,0,0,0,0,0,38000
6956.23,0.3556,10,0.6429,30,0.7143,1,1,0,0,0,0,0,50000
6956.23,0.3556,10,0.6429,29,0.5714,1,1,0,0,0,0,0,33000
6956.23,0.3556,10,0.6429,29,0.5714,1,1,0,0,0,0,0,32000
6956.23,0.3556,10,0.6429,28,0.4286,1,1,0,0,0,0,0,45000
6956.23,0.3556,10,0.6429,31,0.8571,1,1,0,0,0,0,0,39000
6956.23,0.3556,10,0.6429,32,1.0000,1,1,0,0,0,0,0,49000
6956.23,0.3556,10,0.6429,29,0.5714,0,1,0,0,0,0,0,32000
6956.23,0.3556,10,0.6429,30,0.7143,1,1,0,0,0,0,0,44000
6956.23,0.3556,10,0.6429,29,0.5714,1,1,0,0,0,0,0,32000
6956.23,0.3556,10,0.6429,29,0.5714,1,1,0,0,0,0,0,35000
6956.23,0.3556,10,0.6429,28,0.4286,1,1,0,0,0,0,0,40000
6956.23,0.3556,10,0.6429,30,0.7143,1,1,0,0,0,0,0,35000
6956.23,0.3556,10,0.6429,31,0.8571,1,1,0,0,0,0,0,41000
6956.23,0.3556,10,0.6429,29,0.5714,1,1,0,0,0,0,0,49000
6956.23,0.3556,10,0.6429,29,0.5714,1,1,0,0,0,0,0,39000
3389.75,0.1582,5,0.2857,26,0.1429,1,1,0,0,0,0,0,31800
3389.75,0.1582,5,0.2857,28,0.4286,1,1,0,0,0,0,0,36600
3389.75,0.1582,5,0.2857,30,0.7143,1,1,0,0,0,0,0,39600
3389.75,0.1582,5,0.2857,30,0.7143,1,1,0,0,0,0,0,39000
3389.75,0.1582,5,0.2857,31,0.8571,1,1,0,0,0,0,0,40800
3389.75,0.1582,5,0.2857,30,0.7143,0,1,0,0,0,0,0,35400
3389.75,0.1582,5,0.2857,30,0.7143,0,1,0,0,0,0,0,37800
3389.75,0.1582,5,0.2857,30,0.7143,1,1,0,0,0,0,0,46200
3389.75,0.1582,5,0.2857,29,0.5714,1,1,0,0,0,0,0,43800
3389.75,0.1582,5,0.2857,29,0.5714,1,1,0,0,0,0,0,35400
3389.75,0.1582,5,0.2857,29,0.5714,1,1,0,0,0,0,0,38400
3389.75,0.1582,5,0.2857,28,0.4286,1,1,0,0,0,0,0,42000
3389.75,0.1582,5,0.2857,31,0.8571,1,1,0,0,0,0,0,42000
3389.75,0.1582,5,0.2857,32,1.0000,1,1,0,0,0,0,0,46800
3389.75,0.1582,5,0.2857,32,1.0000,1,1,0,0,0,0,0,31800
3389.75,0.1582,5,0.2857,29,0.5714,0,1,0,0,0,0,0,40200
3389.75,0.1582,5,0.2857,30,0.7143,1,1,0,0,0,0,0,49200
3389.75,0.1582,5,0.2857,29,0.5714,1,1,0,0,0,0,0,40200
3389.75,0.1582,5,0.2857,29,0.5714,1,1,0,0,0,0,0,42600
3389.75,0.1582,5,0.2857,29,0.5714,1,1,0,0,0,0,0,33600
3389.75,0.1582,5,0.2857,27,0.2857,1,1,0,0,0,0,0,33600
3389.75,0.1582,5,0.2857,27,0.2857,1,1,0,0,0,0,0,31800
3389.75,0.1582,5,0.2857,28,0.4286,1,1,0,0,0,0,0,45000
3389.75,0.1582,5,0.2857,30,0.7143,1,1,0,0,0,0,0,46200
3389.75,0.1582,5,0.2857,31,0.8571,1,1,0,0,0,0,0,51600
3389.75,0.1582,5,0.2857,30,0.7143,1,1,0,0,0,0,0,38400
3389.75,0.1582,5,0.2857,29,0.5714,0,1,0,0,0,0,0,42000
3389.75,0.1582,5,0.2857,29,0.5714,0,1,0,0,0,0,0,36600
3389.75,0.1582,5,0.2857,29,0.5714,1,1,0,0,0,0,0,54600
3389.75,0.1582,5,0.2857,29,0.5714,1,1,0,0,0,0,0,47400
3389.75,0.1582,5,0.2857,28,0.4286,1,1,0,0,0,0,0,41400
9246.82,0.4824,7,0.4286,26,0.1429,1,1,0,0,0,0,0,68000
9246.82,0.4824,7,0.4286,31,0.8571,1,1,0,0,0,0,0,68000
9246.82,0.4824,7,0.4286,30,0.7143,0,1,0,0,0,0,0,62000
9246.82,0.4824,7,0.4286,30,0.7143,0,1,0,0,0,0,0,58000
9246.82,0.4824,7,0.4286,28,0.4286,1,1,0,0,0,0,0,52000
9246.82,0.4824,7,0.4286,27,0.2857,1,1,0,0,0,0,0,62000
9246.82,0.4824,7,0.4286,32,1.0000,1,1,0,0,0,0,0,56000
9246.82,0.4824,7,0.4286,29,0.5714,0,1,0,0,0,0,0,56000
9246.82,0.4824,7,0.4286,29,0.5714,1,1,0,0,0,0,0,70000
9246.82,0.4824,7,0.4286,27,0.2857,1,1,0,0,0,0,0,60000
9246.82,0.4824,7,0.4286,27,0.2857,1,1,0,0,0,0,0,60000
9246.82,0.4824,7,0.4286,30,0.7143,1,1,0,0,0,0,0,58000
9246.82,0.4824,7,0.4286,29,0.5714,0,1,0,0,0,0,0,64000
9246.82,0.4824,7,0.4286,29,0.5714,0,1,0,0,0,0,0,68000
9246.82,0.4824,7,0.4286,28,0.4286,1,1,0,0,0,0,0,48000
9246.82,0.4824,7,0.4286,26,0.1429,1,1,0,0,0,0,0,54000
6261.53,0.3171,10,0.6429,28,0.4286,1,1,0,0,0,0,0,32000
6261.53,0.3171,10,0.6429,30,0.7143,1,1,0,0,0,0,0,35000
6261.53,0.3171,10,0.6429,30,0.7143,1,1,0,0,0,0,0,39000
6261.53,0.3171,10,0.6429,29,0.5714,1,1,0,0,0,0,0,35000
6261.53,0.3171,10,0.6429,29,0.5714,1,1,0,0,0,0,0,35000
6261.53,0.3171,10,0.6429,28,0.4286,1,1,0,0,0,0,0,36000
6261.53,0.3171,10,0.6429,31,0.8571,1,1,0,0,0,0,0,34000
6261.53,0.3171,10,0.6429,32,1.0000,1,1,0,0,0,0,0,45000
6261.53,0.3171,10,0.6429,30,0.7143,1,1,0,0,0,0,0,41000
6261.53,0.3171,10,0.6429,29,0.5714,1,1,0,0,0,0,0,32000
6261.53,0.3171,10,0.6429,29,0.5714,1,1,0,0,0,0,0,33000
6261.53,0.3171,10,0.6429,28,0.4286,1,1,0,0,0,0,0,35000
6261.53,0.3171,10,0.6429,30,0.7143,1,1,0,0,0,0,0,33000
6261.53,0.3171,10,0.6429,31,0.8571,1,1,0,0,0,0,0,37000
6261.53,0.3171,10,0.6429,29,0.5714,1,1,0,0,0,0,0,41000
6261.53,0.3171,10,0.6429,29,0.5714,1,1,0,0,0,0,0,33000
12388.55,0.6562,10,0.6429,30,0.7143,1,1,0,0,0,0,0,64000
12388.55,0.6562,10,0.6429,29,0.5714,0,1,0,0,0,0,0,68000
12388.55,0.6562,10,0.6429,27,0.2857,1,1,0,0,0,0,0,64000
12388.55,0.6562,10,0.6429,29,0.5714,0,1,0,0,0,0,0,68000
12388.55,0.6562,10,0.6429,28,0.4286,1,1,0,0,0,0,0,68000
10354.32,0.5436,10,0.6429,26,0.1429,1,1,0,0,0,0,0,50000
10354.32,0.5436,10,0.6429,28,0.4286,1,1,0,0,0,0,0,58000
10354.32,0.5436,10,0.6429,30,0.7143,1,1,0,0,0,0,0,60000
10354.32,0.5436,10,0.6429,30,0.7143,1,1,0,0,0,0,0,54000
10354.32,0.5436,10,0.6429,30,0.7143,0,1,0,0,0,0,0,48000
10354.32,0.5436,10,0.6429,30,0.7143,0,1,0,0,0,0,0,54000
10354.32,0.5436,10,0.6429,29,0.5714,1,1,0,0,0,0,0,60000
10354.32,0.5436,10,0.6429,28,0.4286,1,1,0,0,0,0,0,38000
10354.32,0.5436,10,0.6429,27,0.2857,1,1,0,0,0,0,0,56000
10354.32,0.5436,10,0.6429,28,0.4286,1,1,0,0,0,0,0,64000
10354.32,0.5436,10,0.6429,31,0.8571,1,1,0,0,0,0,0,70000
10354.32,0.5436,10,0.6429,32,1.0000,1,1,0,0,0,0,0,56000
10354.32,0.5436,10,0.6429,29,0.5714,0,1,0,0,0,0,0,66000
10354.32,0.5436,10,0.6429,29,0.5714,0,1,0,0,0,0,0,42000
10354.32,0.5436,10,0.6429,29,0.5714,1,1,0,0,0,0,0,62000
10354.32,0.5436,10,0.6429,29,0.5714,1,1,0,0,0,0,0,62000
10354.32,0.5436,10,0.6429,29,0.5714,1,1,0,0,0,0,0,64000
10354.32,0.5436,10,0.6429,27,0.2857,1,1,0,0,0,0,0,50000
10354.32,0.5436,10,0.6429,27,0.2857,1,1,0,0,0,0,0,48000
10354.32,0.5436,10,0.6429,28,0.4286,1,1,0,0,0,0,0,66000
10354.32,0.5436,10,0.6429,30,0.7143,1,1,0,0,0,0,0,64000
10354.32,0.5436,10,0.6429,30,0.7143,1,1,0,0,0,0,0,66000
10354.32,0.5436,10,0.6429,29,0.5714,0,1,0,0,0,0,0,66000
10354.32,0.5436,10,0.6429,29,0.5714,0,1,0,0,0,0,0,52000
10354.32,0.5436,10,0.6429,29,0.5714,1,1,0,0,0,0,0,60000
10354.32,0.5436,10,0.6429,28,0.4286,1,1,0,0,0,0,0,54000
10354.32,0.5436,10,0.6429,26,0.1429,1,1,0,0,0,0,0,38000
2684.53,0.1192,5,0.2857,29,0.5714,1,1,0,0,0,0,0,30512
2684.53,0.1192,5,0.2857,31,0.8571,1,1,0,0,0,0,0,32134
2684.53,0.1192,5,0.2857,32,1.0000,1,1,0,0,0,0,0,32712
2684.53,0.1192,5,0.2857,32,1.0000,1,1,0,0,0,0,0,32514
2684.53,0.1192,5,0.2857,29,0.5714,1,1,0,0,0,0,0,30652
2684.53,0.1192,5,0.2857,29,0.5714,1,1,0,0,0,0,0,30451
2684.53,0.1192,5,0.2857,29,0.5714,1,1,0,0,0,0,0,30767
12184.46,0.6449,10,0.6429,28,0.4286,1,1,0,0,0,0,0,37000
9178.63,0.4786,10,0.6429,28,0.4286,1,1,0,0,0,0,0,63000
9178.63,0.4786,10,0.6429,27,0.2857,1,1,0,0,0,0,0,60000
9178.63,0.4786,10,0.6429,28,0.4286,1,1,0,0,0,0,0,63000
9178.63,0.4786,10,0.6429,29,0.5714,0,1,0,0,0,0,0,69000
9178.63,0.4786,10,0.6429,29,0.5714,0,1,0,0,0,0,0,65000
9178.63,0.4786,10,0.6429,29,0.5714,1,1,0,0,0,0,0,67000
9178.63,0.4786,10,0.6429,27,0.2857,1,1,0,0,0,0,0,66000
9178.63,0.4786,10,0.6429,27,0.2857,1,1,0,0,0,0,0,58000
9178.63,0.4786,10,0.6429,28,0.4286,1,1,0,0,0,0,0,66000
9178.63,0.4786,10,0.6429,29,0.5714,0,1,0,0,0,0,0,60000
9178.63,0.4786,10,0.6429,28,0.4286,1,1,0,0,0,0,0,70000
9178.63,0.4786,10,0.6429,26,0.1429,1,1,0,0,0,0,0,59000
9178.63,0.4786,10,0.6429,27,0.2857,1,1,0,0,0,0,0,66000
9178.63,0.4786,10,0.6429,27,0.2857,1,1,0,0,0,0,0,62000
695.77,0.0091,2,0.0714,27,0.2857,1,1,0,0,0,0,0,37000
5072.50,0.2513,6,0.3571,28,0.4286,1,1,0,0,0,0,0,67000
5072.50,0.2513,6,0.3571,27,0.2857,1,1,0,0,0,0,0,66000
5072.50,0.2513,6,0.3571,28,0.4286,1,1,0,0,0,0,0,67000
5072.50,0.2513,6,0.3571,29,0.5714,0,1,0,0,0,0,0,69000
5072.50,0.2513,6,0.3571,29,0.5714,0,1,0,0,0,0,0,67000
5072.50,0.2513,6,0.3571,29,0.5714,1,1,0,0,0,0,0,69000
5072.50,0.2513,6,0.3571,29,0.5714,1,1,0,0,0,0,0,68000
5072.50,0.2513,6,0.3571,27,0.2857,1,1,0,0,0,0,0,61000
5072.50,0.2513,6,0.3571,27,0.2857,1,1,0,0,0,0,0,60000
5072.50,0.2513,6,0.3571,28,0.4286,1,1,0,0,0,0,0,62000
5072.50,0.2513,6,0.3571,29,0.5714,0,1,0,0,0,0,0,67000
5072.50,0.2513,6,0.3571,29,0.5714,1,1,0,0,0,0,0,66000
5072.50,0.2513,6,0.3571,28,0.4286,1,1,0,0,0,0,0,66000
5072.50,0.2513,6,0.3571,28,0.4286,1,1,0,0,0,0,0,64000
5072.50,0.2513,6,0.3571,26,0.1429,1,1,0,0,0,0,0,57000
5072.50,0.2513,6,0.3571,27,0.2857,1,1,0,0,0,0,0,65000
5072.50,0.2513,6,0.3571,27,0.2857,1,1,0,0,0,0,0,63000
5072.50,0.2513,6,0.3571,29,0.5714,0,1,0,0,0,0,0,68000
6555.33,0.3334,6,0.3571,29,0.5714,1,1,0,0,0,0,0,56761
6555.33,0.3334,6,0.3571,29,0.5714,1,1,0,0,0,0,0,54494
6555.33,0.3334,6,0.3571,29,0.5714,1,1,0,0,0,0,0,54974
6555.33,0.3334,6,0.3571,28,0.4286,1,1,0,0,0,0,0,50302
6555.33,0.3334,6,0.3571,27,0.2857,1,1,0,0,0,0,0,48170
6555.33,0.3334,6,0.3571,28,0.4286,1,1,0,0,0,0,0,49826
6555.33,0.3334,6,0.3571,31,0.8571,1,1,0,0,0,0,0,65090
6555.33,0.3334,6,0.3571,32,1.0000,1,1,0,0,0,0,0,60054
6555.33,0.3334,6,0.3571,32,1.0000,1,1,0,0,0,0,0,59421
6555.33,0.3334,6,0.3571,29,0.5714,0,1,0,0,0,0,0,52559
6555.33,0.3334,6,0.3571,29,0.5714,0,1,0,0,0,0,0,42008
6555.33,0.3334,6,0.3571,30,0.7143,1,1,0,0,0,0,0,53649
6555.33,0.3334,6,0.3571,29,0.5714,1,1,0,0,0,0,0,55339
6555.33,0.3334,6,0.3571,29,0.5714,1,1,0,0,0,0,0,52243
6555.33,0.3334,6,0.3571,29,0.5714,1,1,0,0,0,0,0,53308
6555.33,0.3334,6,0.3571,30,0.7143,1,1,0,0,0,0,0,31826
6555.33,0.3334,6,0.3571,29,0.5714,1,1,0,0,0,0,0,30119
6555.33,0.3334,6,0.3571,29,0.5714,1,1,0,0,0,0,0,30213
11133.11,0.5868,10,0.6429,29,0.5714,1,1,0,0,0,0,0,48000
11133.11,0.5868,10,0.6429,29,0.5714,1,1,0,0,0,0,0,45000
11133.11,0.5868,10,0.6429,29,0.5714,1,1,0,0,0,0,0,45000
11133.11,0.5868,10,0.6429,28,0.4286,1,1,0,0,0,0,0,42000
11133.11,0.5868,10,0.6429,27,0.2857,1,1,0,0,0,0,0,39000
11133.11,0.5868,10,0.6429,28,0.4286,1,1,0,0,0,0,0,41000
11133.11,0.5868,10,0.6429,31,0.8571,1,1,0,0,0,0,0,54000
11133.11,0.5868,10,0.6429,32,1.0000,1,1,0,0,0,0,0,53000
11133.11,0.5868,10,0.6429,32,1.0000,1,1,0,0,0,0,0,54000
11133.11,0.5868,10,0.6429,29,0.5714,0,1,0,0,0,0,0,49000
11133.11,0.5868,10,0.6429,29,0.5714,0,1,0,0,0,0,0,46000
11133.11,0.5868,10,0.6429,30,0.7143,1,1,0,0,0,0,0,50000
11133.11,0.5868,10,0.6429,29,0.5714,1,1,0,0,0,0,0,49000
11133.11,0.5868,10,0.6429,29,0.5714,1,1,0,0,0,0,0,46000
11133.11,0.5868,10,0.6429,29,0.5714,1,1,0,0,0,0,0,49000
11133.11,0.5868,10,0.6429,27,0.2857,1,1,0,0,0,0,0,41000
11133.11,0.5868,10,0.6429,27,0.2857,1,1,0,0,0,0,0,40000
11133.11,0.5868,10,0.6429,28,0.4286,1,1,0,0,0,0,0,42000
11133.11,0.5868,10,0.6429,30,0.7143,1,1,0,0,0,0,0,57000
11133.11,0.5868,10,0.6429,31,0.8571,1,1,0,0,0,0,0,48000
11133.11,0.5868,10,0.6429,30,0.7143,1,1,0,0,0,0,0,51202
11133.11,0.5868,10,0.6429,29,0.5714,0,1,0,0,0,0,0,51202
11133.11,0.5868,10,0.6429,29,0.5714,1,1,0,0,0,0,0,51202
11133.11,0.5868,10,0.6429,29,0.5714,1,1,0,0,0,0,0,45337
11133.11,0.5868,10,0.6429,28,0.4286,1,1,0,0,0,0,0,40000
11133.11,0.5868,10,0.6429,28,0.4286,1,1,0,0,0,0,0,44000
11133.11,0.5868,10,0.6429,26,0.1429,1,1,0,0,0,0,0,35000
11133.11,0.5868,10,0.6429,27,0.2857,1,1,0,0,0,0,0,38000
11133.11,0.5868,10,0.6429,27,0.2857,1,1,0,0,0,0,0,38000
11133.11,0.5868,10,0.6429,29,0.5714,1,1,0,0,0,0,0,50000
11133.11,0.5868,10,0.6429,29,0.5714,1,1,0,0,0,0,0,40000
11133.11,0.5868,10,0.6429,29,0.5714,1,1,0,0,0,0,0,45000
11133.11,0.5868,10,0.6429,30,0.7143,0,1,0,0,0,0,0,44000
11133.11,0.5868,10,0.6429,29,0.5714,0,1,0,0,0,0,0,38000
11133.11,0.5868,10,0.6429,29,0.5714,1,1,0,0,0,0,0,43000
18600.00,1.0000,12,0.7857,29,0.5714,1,1,0,0,0,0,0,70000
18600.00,1.0000,12,0.7857,28,0.4286,1,1,0,0,0,0,0,50000
18600.00,1.0000,12,0.7857,27,0.2857,1,1,0,0,0,0,0,52000
18600.00,1.0000,12,0.7857,28,0.4286,1,1,0,0,0,0,0,54000
18600.00,1.0000,12,0.7857,32,1.0000,1,1,0,0,0,0,0,65000
18600.00,1.0000,12,0.7857,29,0.5714,0,1,0,0,0,0,0,49000
18600.00,1.0000,12,0.7857,29,0.5714,0,1,0,0,0,0,0,47000
18600.00,1.0000,12,0.7857,30,0.7143,1,1,0,0,0,0,0,69000
18600.00,1.0000,12,0.7857,29,0.5714,1,1,0,0,0,0,0,62000
18600.00,1.0000,12,0.7857,27,0.2857,1,1,0,0,0,0,0,46000
18600.00,1.0000,12,0.7857,27,0.2857,1,1,0,0,0,0,0,52000
18600.00,1.0000,12,0.7857,28,0.4286,1,1,0,0,0,0,0,61000
18600.00,1.0000,12,0.7857,30,0.7143,1,1,0,0,0,0,0,64000
18600.00,1.0000,12,0.7857,29,0.5714,0,1,0,0,0,0,0,54000
18600.00,1.0000,12,0.7857,28,0.4286,1,1,0,0,0,0,0,65000
18600.00,1.0000,12,0.7857,28,0.4286,1,1,0,0,0,0,0,60000
18600.00,1.0000,12,0.7857,26,0.1429,1,1,0,0,0,0,0,42000
18600.00,1.0000,12,0.7857,27,0.2857,1,1,0,0,0,0,0,53000
18600.00,1.0000,12,0.7857,27,0.2857,1,1,0,0,0,0,0,61000
18600.00,1.0000,12,0.7857,29,0.5714,1,1,0,0,0,0,0,65000
18600.00,1.0000,12,0.7857,29,0.5714,1,1,0,0,0,0,0,54000
18600.00,1.0000,12,0.7857,30,0.7143,0,1,0,0,0,0,0,57000
18600.00,1.0000,12,0.7857,29,0.5714,0,1,0,0,0,0,0,53000
18600.00,1.0000,12,0.7857,29,0.5714,1,1,0,0,0,0,0,70000
5268.26,0.2622,5,0.2857,29,0.5714,1,1,0,0,0,0,0,39000
5268.26,0.2622,5,0.2857,29,0.5714,1,1,0,0,0,0,0,37000
5268.26,0.2622,5,0.2857,29,0.5714,1,1,0,0,0,0,0,37000
5268.26,0.2622,5,0.2857,28,0.4286,1,1,0,0,0,0,0,38000
5268.26,0.2622,5,0.2857,28,0.4286,1,1,0,0,0,0,0,31000
5268.26,0.2622,5,0.2857,31,0.8571,1,1,0,0,0,0,0,46000
5268.26,0.2622,5,0.2857,32,1.0000,1,1,0,0,0,0,0,49000
5268.26,0.2622,5,0.2857,32,1.0000,1,1,0,0,0,0,0,47000
5268.26,0.2622,5,0.2857,30,0.7143,1,1,0,0,0,0,0,33000
5268.26,0.2622,5,0.2857,29,0.5714,1,1,0,0,0,0,0,48000
5268.26,0.2622,5,0.2857,29,0.5714,1,1,0,0,0,0,0,37000
5268.26,0.2622,5,0.2857,29,0.5714,1,1,0,0,0,0,0,37000
5268.26,0.2622,5,0.2857,27,0.2857,1,1,0,0,0,0,0,33000
5268.26,0.2622,5,0.2857,28,0.4286,1,1,0,0,0,0,0,35000
5268.26,0.2622,5,0.2857,30,0.7143,1,1,0,0,0,0,0,46000
5268.26,0.2622,5,0.2857,31,0.8571,1,1,0,0,0,0,0,42000
5268.26,0.2622,5,0.2857,30,0.7143,1,1,0,0,0,0,0,45000
5268.26,0.2622,5,0.2857,29,0.5714,0,1,0,0,0,0,0,31000
5268.26,0.2622,5,0.2857,29,0.5714,1,1,0,0,0,0,0,47000
5268.26,0.2622,5,0.2857,29,0.5714,1,1,0,0,0,0,0,54000
5268.26,0.2622,5,0.2857,28,0.4286,1,1,0,0,0,0,0,44000
5268.26,0.2622,5,0.2857,28,0.4286,1,1,0,0,0,0,0,39000
5268.26,0.2622,5,0.2857,26,0.1429,1,1,0,0,0,0,0,33000
5268.26,0.2622,5,0.2857,27,0.2857,1,1,0,0,0,0,0,37000
5268.26,0.2622,5,0.2857,29,0.5714,1,1,0,0,0,0,0,45000
5268.26,0.2622,5,0.2857,29,0.5714,1,1,0,0,0,0,0,40000
5268.26,0.2622,5,0.2857,29,0.5714,1,1,0,0,0,0,0,38000
5268.26,0.2622,5,0.2857,30,0.7143,0,1,0,0,0,0,0,32000
5268.26,0.2622,5,0.2857,29,0.5714,1,1,0,0,0,0,0,36000
2963.50,0.1346,4,0.2143,29,0.5714,1,1,0,0,0,0,0,51000
2963.50,0.1346,4,0.2143,29,0.5714,1,1,0,0,0,0,0,49000
2963.50,0.1346,4,0.2143,29,0.5714,1,1,0,0,0,0,0,48000
2963.50,0.1346,4,0.2143,28,0.4286,1,1,0,0,0,0,0,41000
2963.50,0.1346,4,0.2143,27,0.2857,1,1,0,0,0,0,0,35000
2963.50,0.1346,4,0.2143,28,0.4286,1,1,0,0,0,0,0,36000
2963.50,0.1346,4,0.2143,31,0.8571,1,1,0,0,0,0,0,43000
2963.50,0.1346,4,0.2143,32,1.0000,1,1,0,0,0,0,0,48000
2963.50,0.1346,4,0.2143,32,1.0000,1,1,0,0,0,0,0,50000
2963.50,0.1346,4,0.2143,29,0.5714,0,1,0,0,0,0,0,44000
2963.50,0.1346,4,0.2143,29,0.5714,0,1,0,0,0,0,0,37000
2963.50,0.1346,4,0.2143,30,0.7143,1,1,0,0,0,0,0,44000
2963.50,0.1346,4,0.2143,29,0.5714,1,1,0,0,0,0,0,47000
2963.50,0.1346,4,0.2143,29,0.5714,1,1,0,0,0,0,0,41000
2963.50,0.1346,4,0.2143,29,0.5714,1,1,0,0,0,0,0,40000
2963.50,0.1346,4,0.2143,27,0.2857,1,1,0,0,0,0,0,38000
2963.50,0.1346,4,0.2143,27,0.2857,1,1,0,0,0,0,0,40538
2963.50,0.1346,4,0.2143,28,0.4286,1,1,0,0,0,0,0,40538
2963.50,0.1346,4,0.2143,30,0.7143,1,1,0,0,0,0,0,36615
2963.50,0.1346,4,0.2143,31,0.8571,1,1,0,0,0,0,0,38231
2963.50,0.1346,4,0.2143,30,0.7143,1,1,0,0,0,0,0,43000
2963.50,0.1346,4,0.2143,29,0.5714,0,1,0,0,0,0,0,35000
2963.50,0.1346,4,0.2143,29,0.5714,1,1,0,0,0,0,0,36000
2963.50,0.1346,4,0.2143,29,0.5714,1,1,0,0,0,0,0,45000
2963.50,0.1346,4,0.2143,28,0.4286,1,1,0,0,0,0,0,43000
2963.50,0.1346,4,0.2143,28,0.4286,1,1,0,0,0,0,0,40000
2963.50,0.1346,4,0.2143,26,0.1429,1,1,0,0,0,0,0,38000
2963.50,0.1346,4,0.2143,27,0.2857,1,1,0,0,0,0,0,32000
2963.50,0.1346,4,0.2143,27,0.2857,1,1,0,0,0,0,0,43000
2963.50,0.1346,4,0.2143,29,0.5714,1,1,0,0,0,0,0,44000
2963.50,0.1346,4,0.2143,29,0.5714,1,1,0,0,0,0,0,42000
2963.50,0.1346,4,0.2143,29,0.5714,1,1,0,0,0,0,0,40000
2963.50,0.1346,4,0.2143,30,0.7143,0,1,0,0,0,0,0,38000
2963.50,0.1346,4,0.2143,29,0.5714,0,1,0,0,0,0,0,36000
2963.50,0.1346,4,0.2143,29,0.5714,1,1,0,0,0,0,0,36000
4935.75,0.2438,6,0.3571,29,0.5714,1,1,0,0,0,0,0,53000
4935.75,0.2438,6,0.3571,29,0.5714,1,1,0,0,0,0,0,51000
4935.75,0.2438,6,0.3571,29,0.5714,1,1,0,0,0,0,0,49000
4935.75,0.2438,6,0.3571,28,0.4286,1,1,0,0,0,0,0,46000
4935.75,0.2438,6,0.3571,27,0.2857,1,1,0,0,0,0,0,37000
4935.75,0.2438,6,0.3571,28,0.4286,1,1,0,0,0,0,0,37000
4935.75,0.2438,6,0.3571,31,0.8571,1,1,0,0,0,0,0,47000
4935.75,0.2438,6,0.3571,32,1.0000,1,1,0,0,0,0,0,50000
4935.75,0.2438,6,0.3571,32,1.0000,1,1,0,0,0,0,0,52000
4935.75,0.2438,6,0.3571,29,0.5714,0,1,0,0,0,0,0,43000
4935.75,0.2438,6,0.3571,29,0.5714,0,1,0,0,0,0,0,37000
4935.75,0.2438,6,0.3571,30,0.7143,1,1,0,0,0,0,0,44000
4935.75,0.2438,6,0.3571,29,0.5714,1,1,0,0,0,0,0,55000
4935.75,0.2438,6,0.3571,29,0.5714,1,1,0,0,0,0,0,46000
4935.75,0.2438,6,0.3571,29,0.5714,1,1,0,0,0,0,0,44000
4935.75,0.2438,6,0.3571,27,0.2857,1,1,0,0,0,0,0,41000
4935.75,0.2438,6,0.3571,27,0.2857,1,1,0,0,0,0,0,37000
4935.75,0.2438,6,0.3571,28,0.4286,1,1,0,0,0,0,0,44000
4935.75,0.2438,6,0.3571,30,0.7143,1,1,0,0,0,0,0,51000
4935.75,0.2438,6,0.3571,31,0.8571,1,1,0,0,0,0,0,47000
4935.75,0.2438,6,0.3571,30,0.7143,1,1,0,0,0,0,0,48000
4935.75,0.2438,6,0.3571,29,0.5714,0,1,0,0,0,0,0,37000
4935.75,0.2438,6,0.3571,29,0.5714,1,1,0,0,0,0,0,47000
4935.75,0.2438,6,0.3571,29,0.5714,1,1,0,0,0,0,0,53000
4935.75,0.2438,6,0.3571,28,0.4286,1,1,0,0,0,0,0,43000
4935.75,0.2438,6,0.3571,28,0.4286,1,1,0,0,0,0,0,48185
4935.75,0.2438,6,0.3571,26,0.1429,1,1,0,0,0,0,0,46630
4935.75,0.2438,6,0.3571,27,0.2857,1,1,0,0,0,0,0,48185
4935.75,0.2438,6,0.3571,27,0.2857,1,1,0,0,0,0,0,48185
4935.75,0.2438,6,0.3571,29,0.5714,1,1,0,0,0,0,0,43522
4935.75,0.2438,6,0.3571,29,0.5714,1,1,0,0,0,0,0,48185
4935.75,0.2438,6,0.3571,29,0.5714,1,1,0,0,0,0,0,43870
4935.75,0.2438,6,0.3571,30,0.7143,0,1,0,0,0,0,0,39000
4935.75,0.2438,6,0.3571,29,0.5714,0,1,0,0,0,0,0,37000
4935.75,0.2438,6,0.3571,29,0.5714,1,1,0,0,0,0,0,41000
4665.84,0.2288,7,0.4286,29,0.5714,1,1,0,0,0,0,0,46000
4665.84,0.2288,7,0.4286,29,0.5714,1,1,0,0,0,0,0,41000
4665.84,0.2288,7,0.4286,29,0.5714,1,1,0,0,0,0,0,42000
4665.84,0.2288,7,0.4286,28,0.4286,1,1,0,0,0,0,0,39000
4665.84,0.2288,7,0.4286,27,0.2857,1,1,0,0,0,0,0,32000
4665.84,0.2288,7,0.4286,28,0.4286,1,1,0,0,0,0,0,34000
4665.84,0.2288,7,0.4286,31,0.8571,1,1,0,0,0,0,0,44000
4665.84,0.2288,7,0.4286,32,1.0000,1,1,0,0,0,0,0,46000
4665.84,0.2288,7,0.4286,32,1.0000,1,1,0,0,0,0,0,49000
4665.84,0.2288,7,0.4286,29,0.5714,0,1,0,0,0,0,0,35000
4665.84,0.2288,7,0.4286,29,0.5714,0,1,0,0,0,0,0,31000
4665.84,0.2288,7,0.4286,30,0.7143,1,1,0,0,0,0,0,39000
4665.84,0.2288,7,0.4286,29,0.5714,1,1,0,0,0,0,0,46000
4665.84,0.2288,7,0.4286,29,0.5714,1,1,0,0,0,0,0,40000
4665.84,0.2288,7,0.4286,29,0.5714,1,1,0,0,0,0,0,40000
4665.84,0.2288,7,0.4286,27,0.2857,1,1,0,0,0,0,0,34000
4665.84,0.2288,7,0.4286,28,0.4286,1,1,0,0,0,0,0,36000
4665.84,0.2288,7,0.4286,30,0.7143,1,1,0,0,0,0,0,39000
4665.84,0.2288,7,0.4286,31,0.8571,1,1,0,0,0,0,0,41000
4665.84,0.2288,7,0.4286,30,0.7143,1,1,0,0,0,0,0,41000
4665.84,0.2288,7,0.4286,29,0.5714,1,1,0,0,0,0,0,38000
4665.84,0.2288,7,0.4286,29,0.5714,1,1,0,0,0,0,0,42000
4665.84,0.2288,7,0.4286,28,0.4286,1,1,0,0,0,0,0,36000
4665.84,0.2288,7,0.4286,28,0.4286,1,1,0,0,0,0,0,32000
4665.84,0.2288,7,0.4286,27,0.2857,1,1,0,0,0,0,0,36000
4665.84,0.2288,7,0.4286,29,0.5714,1,1,0,0,0,0,0,40000
4665.84,0.2288,7,0.4286,29,0.5714,1,1,0,0,0,0,0,36000
4665.84,0.2288,7,0.4286,29,0.5714,1,1,0,0,0,0,0,37000
4665.84,0.2288,7,0.4286,30,0.7143,0,1,0,0,0,0,0,39360
4665.84,0.2288,7,0.4286,29,0.5714,0,1,0,0,0,0,0,30045
4665.84,0.2288,7,0.4286,29,0.5714,1,1,0,0,0,0,0,35000
4771.81,0.2347,9,0.5714,29,0.5714,1,1,0,0,0,0,0,68000
4771.81,0.2347,9,0.5714,29,0.5714,1,1,0,0,0,0,0,66000
4771.81,0.2347,9,0.5714,29,0.5714,1,1,0,0,0,0,0,67000
4771.81,0.2347,9,0.5714,28,0.4286,1,1,0,0,0,0,0,61000
4771.81,0.2347,9,0.5714,27,0.2857,1,1,0,0,0,0,0,52000
4771.81,0.2347,9,0.5714,28,0.4286,1,1,0,0,0,0,0,57000
4771.81,0.2347,9,0.5714,31,0.8571,1,1,0,0,0,0,0,69000
4771.81,0.2347,9,0.5714,29,0.5714,0,1,0,0,0,0,0,66000
4771.81,0.2347,9,0.5714,29,0.5714,0,1,0,0,0,0,0,56000
4771.81,0.2347,9,0.5714,30,0.7143,1,1,0,0,0,0,0,65000
4771.81,0.2347,9,0.5714,29,0.5714,1,1,0,0,0,0,0,66000
4771.81,0.2347,9,0.5714,29,0.5714,1,1,0,0,0,0,0,65000
4771.81,0.2347,9,0.5714,27,0.2857,1,1,0,0,0,0,0,60000
4771.81,0.2347,9,0.5714,27,0.2857,1,1,0,0,0,0,0,52000
4771.81,0.2347,9,0.5714,28,0.4286,1,1,0,0,0,0,0,61000
4771.81,0.2347,9,0.5714,30,0.7143,1,1,0,0,0,0,0,69000
4771.81,0.2347,9,0.5714,29,0.5714,0,1,0,0,0,0,0,57000
4771.81,0.2347,9,0.5714,29,0.5714,1,1,0,0,0,0,0,64000
4771.81,0.2347,9,0.5714,28,0.4286,1,1,0,0,0,0,0,58000
4771.81,0.2347,9,0.5714,28,0.4286,1,1,0,0,0,0,0,57000
4771.81,0.2347,9,0.5714,26,0.1429,1,1,0,0,0,0,0,54000
4771.81,0.2347,9,0.5714,27,0.2857,1,1,0,0,0,0,0,47000
4771.81,0.2347,9,0.5714,27,0.2857,1,1,0,0,0,0,0,59000
4771.81,0.2347,9,0.5714,29,0.5714,1,1,0,0,0,0,0,67000
4771.81,0.2347,9,0.5714,29,0.5714,1,1,0,0,0,0,0,66000
4771.81,0.2347,9,0.5714,29,0.5714,1,1,0,0,0,0,0,70000
4771.81,0.2347,9,0.5714,30,0.7143,0,1,0,0,0,0,0,57000
4771.81,0.2347,9,0.5714,29,0.5714,0,1,0,0,0,0,0,50000
4771.81,0.2347,9,0.5714,29,0.5714,1,1,0,0,0,0,0,55000
4691.89,0.2303,5,0.2857,29,0.5714,1,1,0,0,0,0,0,41000
4691.89,0.2303,5,0.2857,29,0.5714,1,1,0,0,0,0,0,37000
4691.89,0.2303,5,0.2857,29,0.5714,1,1,0,0,0,0,0,33000
4691.89,0.2303,5,0.2857,28,0.4286,1,1,0,0,0,0,0,31000
4691.89,0.2303,5,0.2857,31,0.8571,1,1,0,0,0,0,0,36000
4691.89,0.2303,5,0.2857,32,1.0000,1,1,0,0,0,0,0,38000
4691.89,0.2303,5,0.2857,32,1.0000,1,1,0,0,0,0,0,42000
4691.89,0.2303,5,0.2857,29,0.5714,0,1,0,0,0,0,0,31000
4691.89,0.2303,5,0.2857,30,0.7143,1,1,0,0,0,0,0,33000
4691.89,0.2303,5,0.2857,29,0.5714,1,1,0,0,0,0,0,38000
4691.89,0.2303,5,0.2857,29,0.5714,1,1,0,0,0,0,0,31000
4691.89,0.2303,5,0.2857,30,0.7143,1,1,0,0,0,0,0,37000
4691.89,0.2303,5,0.2857,31,0.8571,1,1,0,0,0,0,0,35000
4691.89,0.2303,5,0.2857,30,0.7143,1,1,0,0,0,0,0,38000
4691.89,0.2303,5,0.2857,29,0.5714,1,1,0,0,0,0,0,33000
4691.89,0.2303,5,0.2857,29,0.5714,1,1,0,0,0,0,0,36000
4691.89,0.2303,5,0.2857,28,0.4286,1,1,0,0,0,0,0,33022
4691.89,0.2303,5,0.2857,26,0.1429,1,1,0,0,0,0,0,31957
4691.89,0.2303,5,0.2857,27,0.2857,1,1,0,0,0,0,0,33022
4691.89,0.2303,5,0.2857,29,0.5714,1,1,0,0,0,0,0,33000
4400.38,0.2141,8,0.5000,29,0.5714,0,1,0,0,0,0,0,31000
4400.38,0.2141,8,0.5000,30,0.7143,1,1,0,0,0,0,0,33000
4400.38,0.2141,8,0.5000,29,0.5714,1,1,0,0,0,0,0,31000
4400.38,0.2141,8,0.5000,29,0.5714,0,1,0,0,0,0,0,33000
4400.38,0.2141,8,0.5000,29,0.5714,1,1,0,0,0,0,0,32000
4400.38,0.2141,8,0.5000,29,0.5714,1,1,0,0,0,0,0,34000
4400.38,0.2141,8,0.5000,30,0.7143,0,1,0,0,0,0,0,34000
4400.38,0.2141,8,0.5000,29,0.5714,0,1,0,0,0,0,0,31000
3366.31,0.1569,4,0.2143,30,0.7143,1,1,0,0,0,0,0,31200
10452.74,0.5491,9,0.5714,28,0.4286,1,1,0,0,0,0,0,31000
10452.74,0.5491,9,0.5714,30,0.7143,1,1,0,0,0,0,0,37000
10452.74,0.5491,9,0.5714,31,0.8571,0,1,0,0,0,0,0,35000
10452.74,0.5491,9,0.5714,32,1.0000,0,1,0,0,0,0,0,30900
10452.74,0.5491,9,0.5714,30,0.7143,1,1,0,0,0,0,0,36500
10452.74,0.5491,9,0.5714,30,0.7143,1,1,0,0,0,0,0,35100
10452.74,0.5491,9,0.5714,30,0.7143,1,1,0,0,0,0,0,39850
10452.74,0.5491,9,0.5714,29,0.5714,1,1,0,0,0,0,0,33500
10452.74,0.5491,9,0.5714,30,0.7143,1,1,0,0,0,0,0,37750
10452.74,0.5491,9,0.5714,28,0.4286,1,1,0,0,0,0,0,32250
10452.74,0.5491,9,0.5714,29,0.5714,1,1,0,0,0,0,0,37650
10452.74,0.5491,9,0.5714,29,0.5714,1,1,0,0,0,0,0,42600
10452.74,0.5491,9,0.5714,29,0.5714,1,1,0,0,0,0,0,42000
10452.74,0.5491,9,0.5714,29,0.5714,1,1,0,0,0,0,0,42350
10452.74,0.5491,9,0.5714,28,0.4286,1,1,0,0,0,0,0,38100
10452.74,0.5491,9,0.5714,30,0.7143,1,1,0,0,0,0,0,43100
10452.74,0.5491,9,0.5714,30,0.7143,1,1,0,0,0,0,0,39500
10452.74,0.5491,9,0.5714,30,0.7143,1,1,0,0,0,0,0,36500
10452.74,0.5491,9,0.5714,29,0.5714,1,1,0,0,0,0,0,45500
10452.74,0.5491,9,0.5714,29,0.5714,1,1,0,0,0,0,0,41500
10452.74,0.5491,9,0.5714,29,0.5714,1,1,0,0,0,0,0,43500
10452.74,0.5491,9,0.5714,27,0.2857,1,1,0,0,0,0,0,30500
10452.74,0.5491,9,0.5714,28,0.4286,1,1,0,0,0,0,0,37500
10452.74,0.5491,9,0.5714,31,0.8571,1,1,0,0,0,0,0,49500
10452.74,0.5491,9,0.5714,32,1.0000,1,1,0,0,0,0,0,42500
10452.74,0.5491,9,0.5714,32,1.0000,1,1,0,0,0,0,0,32500
10452.74,0.5491,9,0.5714,30,0.7143,1,1,0,0,0,0,0,44500
10452.74,0.5491,9,0.5714,29,0.5714,1,1,0,0,0,0,0,45900
10452.74,0.5491,9,0.5714,29,0.5714,1,1,0,0,0,0,0,37700
10452.74,0.5491,9,0.5714,29,0.5714,1,1,0,0,0,0,0,41950
10452.74,0.5491,9,0.5714,27,0.2857,1,1,0,0,0,0,0,31300
10452.74,0.5491,9,0.5714,28,0.4286,1,1,0,0,0,0,0,31800
10452.74,0.5491,9,0.5714,30,0.7143,1,1,0,0,0,0,0,38500
10452.74,0.5491,9,0.5714,31,0.8571,1,1,0,0,0,0,0,35900
10452.74,0.5491,9,0.5714,30,0.7143,1,1,0,0,0,0,0,31550
10452.74,0.5491,9,0.5714,29,0.5714,0,1,0,0,0,0,0,31200
10452.74,0.5491,9,0.5714,29,0.5714,1,1,0,0,0,0,0,34150
10452.74,0.5491,9,0.5714,29,0.5714,1,1,0,0,0,0,0,42400
10452.74,0.5491,9,0.5714,28,0.4286,1,1,0,0,0,0,0,36400
10452.74,0.5491,9,0.5714,28,0.4286,1,1,0,0,0,0,0,40750
10452.74,0.5491,9,0.5714,26,0.1429,1,1,0,0,0,0,0,40600
10452.74,0.5491,9,0.5714,27,0.2857,1,1,0,0,0,0,0,31750
10452.74,0.5491,9,0.5714,27,0.2857,1,1,0,0,0,0,0,34800
10452.74,0.5491,9,0.5714,29,0.5714,1,1,0,0,0,0,0,40850
10452.74,0.5491,9,0.5714,29,0.5714,1,1,0,0,0,0,0,35800
10452.74,0.5491,9,0.5714,29,0.5714,1,1,0,0,0,0,0,37850
10452.74,0.5491,9,0.5714,29,0.5714,1,1,0,0,0,0,0,35750
10452.74,0.5491,9,0.5714,29,0.5714,1,1,0,0,0,0,0,40650
10452.74,0.5491,9,0.5714,29,0.5714,1,1,0,0,0,0,0,39950
2412.83,0.1041,2,0.0714,28,0.4286,1,1,0,0,0,0,0,49000
2412.83,0.1041,2,0.0714,30,0.7143,1,1,0,0,0,0,0,59000
2412.83,0.1041,2,0.0714,31,0.8571,0,1,0,0,0,0,0,62000
2412.83,0.1041,2,0.0714,32,1.0000,0,1,0,0,0,0,0,54000
2412.83,0.1041,2,0.0714,32,1.0000,0,1,0,0,0,0,0,55000
2412.83,0.1041,2,0.0714,30,0.7143,1,1,0,0,0,0,0,55000
2412.83,0.1041,2,0.0714,30,0.7143,1,1,0,0,0,0,0,58000
2412.83,0.1041,2,0.0714,30,0.7143,1,1,0,0,0,0,0,61000
2412.83,0.1041,2,0.0714,29,0.5714,1,1,0,0,0,0,0,52000
2412.83,0.1041,2,0.0714,29,0.5714,0,1,0,0,0,0,0,50000
2412.83,0.1041,2,0.0714,30,0.7143,1,1,0,0,0,0,0,58000
2412.83,0.1041,2,0.0714,25,0.0000,1,1,0,0,0,0,0,36000
2412.83,0.1041,2,0.0714,25,0.0000,1,1,0,0,0,0,0,32000
2412.83,0.1041,2,0.0714,28,0.4286,1,1,0,0,0,0,0,45000
2412.83,0.1041,2,0.0714,30,0.7143,1,1,0,0,0,0,0,57000
2412.83,0.1041,2,0.0714,31,0.8571,1,1,0,0,0,0,0,53000
2412.83,0.1041,2,0.0714,31,0.8571,1,1,0,0,0,0,0,53000
2412.83,0.1041,2,0.0714,30,0.7143,0,1,0,0,0,0,0,56000
2412.83,0.1041,2,0.0714,30,0.7143,0,1,0,0,0,0,0,61000
2412.83,0.1041,2,0.0714,29,0.5714,1,1,0,0,0,0,0,53000
2412.83,0.1041,2,0.0714,29,0.5714,1,1,0,0,0,0,0,64000
2412.83,0.1041,2,0.0714,29,0.5714,1,1,0,0,0,0,0,52000
2412.83,0.1041,2,0.0714,27,0.2857,1,1,0,0,0,0,0,45000
2412.83,0.1041,2,0.0714,26,0.1429,1,1,0,0,0,0,0,38000
2412.83,0.1041,2,0.0714,28,0.4286,1,1,0,0,0,0,0,46000
2412.83,0.1041,2,0.0714,30,0.7143,1,1,0,0,0,0,0,56000
2412.83,0.1041,2,0.0714,30,0.7143,1,1,0,0,0,0,0,65000
2412.83,0.1041,2,0.0714,31,0.8571,1,1,0,0,0,0,0,60000
2412.83,0.1041,2,0.0714,30,0.7143,0,1,0,0,0,0,0,53000
2412.83,0.1041,2,0.0714,30,0.7143,0,1,0,0,0,0,0,53000
2412.83,0.1041,2,0.0714,30,0.7143,1,1,0,0,0,0,0,57000
2412.83,0.1041,2,0.0714,29,0.5714,1,1,0,0,0,0,0,60000
2412.83,0.1041,2,0.0714,29,0.5714,1,1,0,0,0,0,0,61000
2412.83,0.1041,2,0.0714,29,0.5714,1,1,0,0,0,0,0,59000
2412.83,0.1041,2,0.0714,28,0.4286,1,1,0,0,0,0,0,61318
2412.83,0.1041,2,0.0714,27,0.2857,1,1,0,0,0,0,0,61318
2412.83,0.1041,2,0.0714,28,0.4286,1,1,0,0,0,0,0,57363
2412.83,0.1041,2,0.0714,31,0.8571,1,1,0,0,0,0,0,61318
2412.83,0.1041,2,0.0714,32,1.0000,1,1,0,0,0,0,0,61318
2412.83,0.1041,2,0.0714,32,1.0000,1,1,0,0,0,0,0,62000
2412.83,0.1041,2,0.0714,29,0.5714,0,1,0,0,0,0,0,61000
2412.83,0.1041,2,0.0714,29,0.5714,0,1,0,0,0,0,0,58000
2412.83,0.1041,2,0.0714,30,0.7143,1,1,0,0,0,0,0,54000
2412.83,0.1041,2,0.0714,29,0.5714,1,1,0,0,0,0,0,57000
2412.83,0.1041,2,0.0714,29,0.5714,1,1,0,0,0,0,0,51000
2412.83,0.1041,2,0.0714,29,0.5714,1,1,0,0,0,0,0,53000
2412.83,0.1041,2,0.0714,27,0.2857,1,1,0,0,0,0,0,42000
2412.83,0.1041,2,0.0714,27,0.2857,1,1,0,0,0,0,0,46000
2412.83,0.1041,2,0.0714,28,0.4286,1,1,0,0,0,0,0,51000
2412.83,0.1041,2,0.0714,30,0.7143,1,1,0,0,0,0,0,61000
2412.83,0.1041,2,0.0714,31,0.8571,1,1,0,0,0,0,0,55000
2412.83,0.1041,2,0.0714,30,0.7143,1,1,0,0,0,0,0,56000
2412.83,0.1041,2,0.0714,29,0.5714,0,1,0,0,0,0,0,56000
2412.83,0.1041,2,0.0714,29,0.5714,0,1,0,0,0,0,0,50000
2412.83,0.1041,2,0.0714,29,0.5714,1,1,0,0,0,0,0,53000
2412.83,0.1041,2,0.0714,29,0.5714,1,1,0,0,0,0,0,54000
2412.83,0.1041,2,0.0714,28,0.4286,1,1,0,0,0,0,0,44000
2412.83,0.1041,2,0.0714,28,0.4286,1,1,0,0,0,0,0,53000
2412.83,0.1041,2,0.0714,26,0.1429,1,1,0,0,0,0,0,53000
2412.83,0.1041,2,0.0714,27,0.2857,1,1,0,0,0,0,0,40000
2412.83,0.1041,2,0.0714,27,0.2857,1,1,0,0,0,0,0,44000
2412.83,0.1041,2,0.0714,29,0.5714,1,1,0,0,0,0,0,56000
2412.83,0.1041,2,0.0714,29,0.5714,1,1,0,0,0,0,0,53000
2412.83,0.1041,2,0.0714,29,0.5714,1,1,0,0,0,0,0,50000
2412.83,0.1041,2,0.0714,30,0.7143,0,1,0,0,0,0,0,48000
2412.83,0.1041,2,0.0714,29,0.5714,0,1,0,0,0,0,0,46000
2412.83,0.1041,2,0.0714,29,0.5714,1,1,0,0,0,0,0,47000
2412.83,0.1041,2,0.0714,29,0.5714,1,1,0,0,0,0,0,48000
2412.83,0.1041,2,0.0714,29,0.5714,1,1,0,0,0,0,0,43000
2412.83,0.1041,2,0.0714,29,0.5714,1,1,0,0,0,0,0,52000
2412.83,0.1041,2,0.0714,28,0.4286,1,1,0,0,0,0,0,46000
12483.44,0.6615,3,0.1429,28,0.4286,1,1,0,0,0,0,0,67520
12483.44,0.6615,3,0.1429,32,1.0000,0,1,0,0,0,0,0,55200
12483.44,0.6615,3,0.1429,25,0.0000,1,1,0,0,0,0,0,67200
4688.75,0.2301,5,0.2857,28,0.4286,1,1,0,0,0,0,0,31920
4688.75,0.2301,5,0.2857,29,0.5714,0,1,0,0,0,0,0,30720
4688.75,0.2301,5,0.2857,27,0.2857,1,1,0,0,0,0,0,30960
4688.75,0.2301,5,0.2857,28,0.4286,1,1,0,0,0,0,0,37800
4688.75,0.2301,5,0.2857,29,0.5714,1,1,0,0,0,0,0,34800
4688.75,0.2301,5,0.2857,29,0.5714,1,1,0,0,0,0,0,34680
10862.60,0.5718,9,0.5714,28,0.4286,1,1,0,0,0,0,0,67000
10862.60,0.5718,9,0.5714,31,0.8571,0,1,0,0,0,0,0,66000
10862.60,0.5718,9,0.5714,32,1.0000,0,1,0,0,0,0,0,51000
10862.60,0.5718,9,0.5714,32,1.0000,0,1,0,0,0,0,0,66000
10862.60,0.5718,9,0.5714,29,0.5714,0,1,0,0,0,0,0,53000
10862.60,0.5718,9,0.5714,25,0.0000,1,1,0,0,0,0,0,47000
10862.60,0.5718,9,0.5714,25,0.0000,1,1,0,0,0,0,0,46000
10862.60,0.5718,9,0.5714,28,0.4286,1,1,0,0,0,0,0,65000
10862.60,0.5718,9,0.5714,31,0.8571,1,1,0,0,0,0,0,55000
10862.60,0.5718,9,0.5714,31,0.8571,1,1,0,0,0,0,0,52000
10862.60,0.5718,9,0.5714,30,0.7143,0,1,0,0,0,0,0,41000
10862.60,0.5718,9,0.5714,30,0.7143,0,1,0,0,0,0,0,49000
10862.60,0.5718,9,0.5714,29,0.5714,1,1,0,0,0,0,0,62000
10862.60,0.5718,9,0.5714,29,0.5714,1,1,0,0,0,0,0,69000
10862.60,0.5718,9,0.5714,29,0.5714,1,1,0,0,0,0,0,64000
10862.60,0.5718,9,0.5714,29,0.5714,1,1,0,0,0,0,0,62000
10862.60,0.5718,9,0.5714,27,0.2857,1,1,0,0,0,0,0,32000
10862.60,0.5718,9,0.5714,26,0.1429,1,1,0,0,0,0,0,35000
10862.60,0.5718,9,0.5714,28,0.4286,1,1,0,0,0,0,0,39000
10862.60,0.5718,9,0.5714,30,0.7143,1,1,0,0,0,0,0,39000
10862.60,0.5718,9,0.5714,30,0.7143,1,1,0,0,0,0,0,37000
10862.60,0.5718,9,0.5714,30,0.7143,1,1,0,0,0,0,0,52000
10862.60,0.5718,9,0.5714,29,0.5714,1,1,0,0,0,0,0,61000
10862.60,0.5718,9,0.5714,29,0.5714,1,1,0,0,0,0,0,56000
10862.60,0.5718,9,0.5714,29,0.5714,1,1,0,0,0,0,0,54000
10862.60,0.5718,9,0.5714,27,0.2857,1,1,0,0,0,0,0,40000
10862.60,0.5718,9,0.5714,28,0.4286,1,1,0,0,0,0,0,46000
10862.60,0.5718,9,0.5714,31,0.8571,1,1,0,0,0,0,0,58000
10862.60,0.5718,9,0.5714,32,1.0000,1,1,0,0,0,0,0,48000
10862.60,0.5718,9,0.5714,29,0.5714,0,1,0,0,0,0,0,35000
10862.60,0.5718,9,0.5714,29,0.5714,1,1,0,0,0,0,0,69000
10862.60,0.5718,9,0.5714,29,0.5714,1,1,0,0,0,0,0,66000
10862.60,0.5718,9,0.5714,29,0.5714,1,1,0,0,0,0,0,68478
10862.60,0.5718,9,0.5714,28,0.4286,1,1,0,0,0,0,0,43543
10862.60,0.5718,9,0.5714,30,0.7143,1,1,0,0,0,0,0,68000
10862.60,0.5718,9,0.5714,31,0.8571,1,1,0,0,0,0,0,61000
10862.60,0.5718,9,0.5714,30,0.7143,1,1,0,0,0,0,0,51000
10862.60,0.5718,9,0.5714,29,0.5714,0,1,0,0,0,0,0,51000
10862.60,0.5718,9,0.5714,29,0.5714,0,1,0,0,0,0,0,48000
10862.60,0.5718,9,0.5714,29,0.5714,1,1,0,0,0,0,0,56000
10862.60,0.5718,9,0.5714,28,0.4286,1,1,0,0,0,0,0,60000
10862.60,0.5718,9,0.5714,28,0.4286,1,1,0,0,0,0,0,68000
10862.60,0.5718,9,0.5714,26,0.1429,1,1,0,0,0,0,0,68000
10862.60,0.5718,9,0.5714,27,0.2857,1,1,0,0,0,0,0,46000
10862.60,0.5718,9,0.5714,27,0.2857,1,1,0,0,0,0,0,48000
10862.60,0.5718,9,0.5714,29,0.5714,1,1,0,0,0,0,0,60000
10862.60,0.5718,9,0.5714,29,0.5714,1,1,0,0,0,0,0,55000
10862.60,0.5718,9,0.5714,29,0.5714,1,1,0,0,0,0,0,45000
10862.60,0.5718,9,0.5714,30,0.7143,0,1,0,0,0,0,0,33000
10862.60,0.5718,9,0.5714,29,0.5714,0,1,0,0,0,0,0,37000
10862.60,0.5718,9,0.5714,29,0.5714,1,1,0,0,0,0,0,43000
10862.60,0.5718,9,0.5714,29,0.5714,1,1,0,0,0,0,0,60000
10862.60,0.5718,9,0.5714,29,0.5714,1,1,0,0,0,0,0,51000
10862.60,0.5718,9,0.5714,29,0.5714,1,1,0,0,0,0,0,62000
10862.60,0.5718,9,0.5714,28,0.4286,1,1,0,0,0,0,0,31000
10470.12,0.5501,12,0.7857,28,0.4286,1,1,0,0,0,0,0,37000
10470.12,0.5501,12,0.7857,30,0.7143,1,1,0,0,0,0,0,45000
10470.12,0.5501,12,0.7857,30,0.7143,1,1,0,0,0,0,0,53000
10470.12,0.5501,12,0.7857,30,0.7143,1,1,0,0,0,0,0,44000
10470.12,0.5501,12,0.7857,30,0.7143,1,1,0,0,0,0,0,48000
10470.12,0.5501,12,0.7857,29,0.5714,1,1,0,0,0,0,0,47000
10470.12,0.5501,12,0.7857,29,0.5714,0,1,0,0,0,0,0,31000
10470.12,0.5501,12,0.7857,30,0.7143,1,1,0,0,0,0,0,51000
10470.12,0.5501,12,0.7857,25,0.0000,1,1,0,0,0,0,0,32000
10470.12,0.5501,12,0.7857,28,0.4286,1,1,0,0,0,0,0,45000
10470.12,0.5501,12,0.7857,30,0.7143,1,1,0,0,0,0,0,37000
10470.12,0.5501,12,0.7857,29,0.5714,1,1,0,0,0,0,0,44000
10470.12,0.5501,12,0.7857,29,0.5714,1,1,0,0,0,0,0,53000
10470.12,0.5501,12,0.7857,29,0.5714,1,1,0,0,0,0,0,55000
10470.12,0.5501,12,0.7857,29,0.5714,1,1,0,0,0,0,0,56000
10470.12,0.5501,12,0.7857,26,0.1429,1,1,0,0,0,0,0,35000
10470.12,0.5501,12,0.7857,28,0.4286,1,1,0,0,0,0,0,46000
10470.12,0.5501,12,0.7857,30,0.7143,1,1,0,0,0,0,0,55000
10470.12,0.5501,12,0.7857,30,0.7143,1,1,0,0,0,0,0,50000
10470.12,0.5501,12,0.7857,31,0.8571,1,1,0,0,0,0,0,32000
10470.12,0.5501,12,0.7857,30,0.7143,1,1,0,0,0,0,0,46000
10470.12,0.5501,12,0.7857,29,0.5714,1,1,0,0,0,0,0,57000
10470.12,0.5501,12,0.7857,29,0.5714,1,1,0,0,0,0,0,52000
10470.12,0.5501,12,0.7857,29,0.5714,1,1,0,0,0,0,0,53000
10470.12,0.5501,12,0.7857,27,0.2857,1,1,0,0,0,0,0,40000
10470.12,0.5501,12,0.7857,28,0.4286,1,1,0,0,0,0,0,46000
10470.12,0.5501,12,0.7857,31,0.8571,1,1,0,0,0,0,0,59000
10470.12,0.5501,12,0.7857,32,1.0000,1,1,0,0,0,0,0,54000
10470.12,0.5501,12,0.7857,30,0.7143,1,1,0,0,0,0,0,49000
10470.12,0.5501,12,0.7857,29,0.5714,1,1,0,0,0,0,0,53000
10470.12,0.5501,12,0.7857,29,0.5714,1,1,0,0,0,0,0,47000
10470.12,0.5501,12,0.7857,29,0.5714,1,1,0,0,0,0,0,50000
10470.12,0.5501,12,0.7857,27,0.2857,1,1,0,0,0,0,0,35000
10470.12,0.5501,12,0.7857,28,0.4286,1,1,0,0,0,0,0,69000
10470.12,0.5501,12,0.7857,31,0.8571,1,1,0,0,0,0,0,46000
10470.12,0.5501,12,0.7857,30,0.7143,1,1,0,0,0,0,0,34000
10470.12,0.5501,12,0.7857,29,0.5714,0,1,0,0,0,0,0,34000
10470.12,0.5501,12,0.7857,29,0.5714,1,1,0,0,0,0,0,43000
10470.12,0.5501,12,0.7857,29,0.5714,1,1,0,0,0,0,0,56000
10470.12,0.5501,12,0.7857,28,0.4286,1,1,0,0,0,0,0,50000
10470.12,0.5501,12,0.7857,28,0.4286,1,1,0,0,0,0,0,49000
10470.12,0.5501,12,0.7857,26,0.1429,1,1,0,0,0,0,0,49000
10470.12,0.5501,12,0.7857,27,0.2857,1,1,0,0,0,0,0,46000
10470.12,0.5501,12,0.7857,29,0.5714,1,1,0,0,0,0,0,56000
10470.12,0.5501,12,0.7857,29,0.5714,1,1,0,0,0,0,0,47000
10470.12,0.5501,12,0.7857,29,0.5714,1,1,0,0,0,0,0,32000
10470.12,0.5501,12,0.7857,29,0.5714,1,1,0,0,0,0,0,42000
10470.12,0.5501,12,0.7857,29,0.5714,1,1,0,0,0,0,0,56000
10470.12,0.5501,12,0.7857,29,0.5714,1,1,0,0,0,0,0,47000
10470.12,0.5501,12,0.7857,29,0.5714,1,1,0,0,0,0,0,53000
10470.12,0.5501,12,0.7857,28,0.4286,1,1,0,0,0,0,0,33000
13116.34,0.6965,9,0.5714,28,0.4286,1,1,0,0,0,0,0,64686
13116.34,0.6965,9,0.5714,30,0.7143,1,1,0,0,0,0,0,67750
13116.34,0.6965,9,0.5714,32,1.0000,0,1,0,0,0,0,0,66033
13116.34,0.6965,9,0.5714,25,0.0000,1,1,0,0,0,0,0,63605
13116.34,0.6965,9,0.5714,25,0.0000,1,1,0,0,0,0,0,63759
13116.34,0.6965,9,0.5714,31,0.8571,1,1,0,0,0,0,0,64657
13116.34,0.6965,9,0.5714,30,0.7143,0,1,0,0,0,0,0,61793
13116.34,0.6965,9,0.5714,27,0.2857,1,1,0,0,0,0,0,66784
2431.37,0.1052,5,0.2857,29,0.5714,1,1,0,0,0,0,0,30880
2431.37,0.1052,5,0.2857,26,0.1429,1,1,0,0,0,0,0,34320
2431.37,0.1052,5,0.2857,28,0.4286,1,1,0,0,0,0,0,30960
2431.37,0.1052,5,0.2857,30,0.7143,0,1,0,0,0,0,0,35440
2431.37,0.1052,5,0.2857,30,0.7143,1,1,0,0,0,0,0,38560
2431.37,0.1052,5,0.2857,32,1.0000,1,1,0,0,0,0,0,60640
2431.37,0.1052,5,0.2857,29,0.5714,0,1,0,0,0,0,0,52240
2431.37,0.1052,5,0.2857,29,0.5714,0,1,0,0,0,0,0,41120
1057.58,0.0291,3,0.1429,31,0.8571,1,1,0,0,0,0,0,31735
1057.58,0.0291,3,0.1429,32,1.0000,1,1,0,0,0,0,0,30099
1057.58,0.0291,3,0.1429,32,1.0000,1,1,0,0,0,0,0,31454
1057.58,0.0291,3,0.1429,29,0.5714,0,1,0,0,0,0,0,35833
1057.58,0.0291,3,0.1429,30,0.7143,1,1,0,0,0,0,0,36319
1057.58,0.0291,3,0.1429,29,0.5714,1,1,0,0,0,0,0,34794
1057.58,0.0291,3,0.1429,29,0.5714,1,1,0,0,0,0,0,35057
1057.58,0.0291,3,0.1429,29,0.5714,1,1,0,0,0,0,0,36093
1057.58,0.0291,3,0.1429,27,0.2857,1,1,0,0,0,0,0,39557
1057.58,0.0291,3,0.1429,28,0.4286,1,1,0,0,0,0,0,30920
1057.58,0.0291,3,0.1429,30,0.7143,1,1,0,0,0,0,0,44522
1057.58,0.0291,3,0.1429,31,0.8571,1,1,0,0,0,0,0,34768
1057.58,0.0291,3,0.1429,30,0.7143,1,1,0,0,0,0,0,35216
1057.58,0.0291,3,0.1429,29,0.5714,0,1,0,0,0,0,0,40612
1057.58,0.0291,3,0.1429,29,0.5714,0,1,0,0,0,0,0,37348
1057.58,0.0291,3,0.1429,29,0.5714,1,1,0,0,0,0,0,52562
1057.58,0.0291,3,0.1429,29,0.5714,1,1,0,0,0,0,0,48094
1057.58,0.0291,3,0.1429,28,0.4286,1,1,0,0,0,0,0,43524
1057.58,0.0291,3,0.1429,28,0.4286,1,1,0,0,0,0,0,51923
1057.58,0.0291,3,0.1429,26,0.1429,1,1,0,0,0,0,0,47047
1057.58,0.0291,3,0.1429,27,0.2857,1,1,0,0,0,0,0,51860
1057.58,0.0291,3,0.1429,27,0.2857,1,1,0,0,0,0,0,58709
1057.58,0.0291,3,0.1429,29,0.5714,1,1,0,0,0,0,0,59672
1057.58,0.0291,3,0.1429,29,0.5714,1,1,0,0,0,0,0,60292
1057.58,0.0291,3,0.1429,29,0.5714,1,1,0,0,0,0,0,65352
1057.58,0.0291,3,0.1429,30,0.7143,0,1,0,0,0,0,0,58772
1057.58,0.0291,3,0.1429,29,0.5714,0,1,0,0,0,0,0,62035
1057.58,0.0291,3,0.1429,29,0.5714,1,1,0,0,0,0,0,68745
1057.58,0.0291,3,0.1429,29,0.5714,1,1,0,0,0,0,0,59489
1057.58,0.0291,3,0.1429,29,0.5714,1,1,0,0,0,0,0,68421
1057.58,0.0291,3,0.1429,28,0.4286,1,1,0,0,0,0,0,51612
3474.08,0.1629,3,0.1429,30,0.7143,1,1,0,0,0,0,0,31120
3474.08,0.1629,3,0.1429,29,0.5714,1,1,0,0,0,0,0,37485
3474.08,0.1629,3,0.1429,29,0.5714,1,1,0,0,0,0,0,40309
3474.08,0.1629,3,0.1429,28,0.4286,1,1,0,0,0,0,0,37485
3474.08,0.1629,3,0.1429,32,1.0000,1,1,0,0,0,0,0,37833
3474.08,0.1629,3,0.1429,29,0.5714,1,1,0,0,0,0,0,31918
3474.08,0.1629,3,0.1429,28,0.4286,1,1,0,0,0,0,0,31212
3474.08,0.1629,3,0.1429,27,0.2857,1,1,0,0,0,0,0,32491
3474.08,0.1629,3,0.1429,29,0.5714,1,1,0,0,0,0,0,39726
17372.33,0.9321,11,0.7143,25,0.0000,1,1,0,0,0,0,0,50000
17372.33,0.9321,11,0.7143,25,0.0000,1,1,0,0,0,0,0,47000
17372.33,0.9321,11,0.7143,28,0.4286,1,1,0,0,0,0,0,68000
17372.33,0.9321,11,0.7143,31,0.8571,1,1,0,0,0,0,0,67000
17372.33,0.9321,11,0.7143,31,0.8571,1,1,0,0,0,0,0,65000
17372.33,0.9321,11,0.7143,30,0.7143,0,1,0,0,0,0,0,66000
17372.33,0.9321,11,0.7143,30,0.7143,0,1,0,0,0,0,0,65000
17372.33,0.9321,11,0.7143,27,0.2857,1,1,0,0,0,0,0,47000
17372.33,0.9321,11,0.7143,26,0.1429,1,1,0,0,0,0,0,56000
17372.33,0.9321,11,0.7143,30,0.7143,0,1,0,0,0,0,0,61000
17372.33,0.9321,11,0.7143,28,0.4286,1,1,0,0,0,0,0,57000
17372.33,0.9321,11,0.7143,27,0.2857,1,1,0,0,0,0,0,66000
17372.33,0.9321,11,0.7143,32,1.0000,1,1,0,0,0,0,0,69000
17372.33,0.9321,11,0.7143,29,0.5714,0,1,0,0,0,0,0,65000
17372.33,0.9321,11,0.7143,29,0.5714,0,1,0,0,0,0,0,65000
17372.33,0.9321,11,0.7143,27,0.2857,1,1,0,0,0,0,0,47000
17372.33,0.9321,11,0.7143,27,0.2857,1,1,0,0,0,0,0,63000
17372.33,0.9321,11,0.7143,28,0.4286,1,1,0,0,0,0,0,70000
17372.33,0.9321,11,0.7143,29,0.5714,0,1,0,0,0,0,0,63000
17372.33,0.9321,11,0.7143,28,0.4286,1,1,0,0,0,0,0,66000
17372.33,0.9321,11,0.7143,27,0.2857,1,1,0,0,0,0,0,60000
17372.33,0.9321,11,0.7143,27,0.2857,1,1,0,0,0,0,0,70000
17372.33,0.9321,11,0.7143,29,0.5714,1,1,0,0,0,0,0,66000
17372.33,0.9321,11,0.7143,30,0.7143,0,1,0,0,0,0,0,69000
17372.33,0.9321,11,0.7143,29,0.5714,0,1,0,0,0,0,0,68000
17372.33,0.9321,11,0.7143,28,0.4286,1,1,0,0,0,0,0,50000
2242.33,0.0947,2,0.0714,28,0.4286,1,1,0,0,0,0,0,31440
2242.33,0.0947,2,0.0714,30,0.7143,1,1,0,0,0,0,0,33840
2242.33,0.0947,2,0.0714,31,0.8571,0,1,0,0,0,0,0,30640
2242.33,0.0947,2,0.0714,32,1.0000,0,1,0,0,0,0,0,33920
2242.33,0.0947,2,0.0714,30,0.7143,1,1,0,0,0,0,0,36800
2242.33,0.0947,2,0.0714,30,0.7143,1,1,0,0,0,0,0,36160
2242.33,0.0947,2,0.0714,30,0.7143,1,1,0,0,0,0,0,40720
2242.33,0.0947,2,0.0714,29,0.5714,1,1,0,0,0,0,0,34320
2242.33,0.0947,2,0.0714,30,0.7143,1,1,0,0,0,0,0,37040
2242.33,0.0947,2,0.0714,28,0.4286,1,1,0,0,0,0,0,49200
2242.33,0.0947,2,0.0714,29,0.5714,0,1,0,0,0,0,0,34000
4618.85,0.2262,10,0.6429,28,0.4286,1,1,0,0,0,0,0,36680
4618.85,0.2262,10,0.6429,30,0.7143,1,1,0,0,0,0,0,36630
4618.85,0.2262,10,0.6429,31,0.8571,0,1,0,0,0,0,0,42250
4618.85,0.2262,10,0.6429,32,1.0000,0,1,0,0,0,0,0,33290
4618.85,0.2262,10,0.6429,32,1.0000,0,1,0,0,0,0,0,41400
4618.85,0.2262,10,0.6429,30,0.7143,1,1,0,0,0,0,0,37660
4618.85,0.2262,10,0.6429,30,0.7143,1,1,0,0,0,0,0,37900
4618.85,0.2262,10,0.6429,30,0.7143,1,1,0,0,0,0,0,40570
4618.85,0.2262,10,0.6429,29,0.5714,1,1,0,0,0,0,0,35510
4618.85,0.2262,10,0.6429,29,0.5714,0,1,0,0,0,0,0,34640
4618.85,0.2262,10,0.6429,30,0.7143,1,1,0,0,0,0,0,36100
4618.85,0.2262,10,0.6429,28,0.4286,1,1,0,0,0,0,0,49930
4618.85,0.2262,10,0.6429,30,0.7143,1,1,0,0,0,0,0,35630
4618.85,0.2262,10,0.6429,31,0.8571,1,1,0,0,0,0,0,35140
4618.85,0.2262,10,0.6429,30,0.7143,0,1,0,0,0,0,0,39740
4618.85,0.2262,10,0.6429,28,0.4286,1,1,0,0,0,0,0,39700
3828.18,0.1825,4,0.2143,30,0.7143,1,1,0,0,0,0,0,31296
3828.18,0.1825,4,0.2143,32,1.0000,0,1,0,0,0,0,0,36052
3828.18,0.1825,4,0.2143,30,0.7143,1,1,0,0,0,0,0,31105
3828.18,0.1825,4,0.2143,31,0.8571,1,1,0,0,0,0,0,30220
3828.18,0.1825,4,0.2143,30,0.7143,0,1,0,0,0,0,0,30174
3828.18,0.1825,4,0.2143,30,0.7143,0,1,0,0,0,0,0,30670
3828.18,0.1825,4,0.2143,29,0.5714,1,1,0,0,0,0,0,30675
3828.18,0.1825,4,0.2143,30,0.7143,1,1,0,0,0,0,0,31691
3828.18,0.1825,4,0.2143,30,0.7143,1,1,0,0,0,0,0,30125
3828.18,0.1825,4,0.2143,30,0.7143,0,1,0,0,0,0,0,30524
3828.18,0.1825,4,0.2143,30,0.7143,0,1,0,0,0,0,0,31942
3828.18,0.1825,4,0.2143,30,0.7143,1,1,0,0,0,0,0,30714
3828.18,0.1825,4,0.2143,29,0.5714,1,1,0,0,0,0,0,30541
3828.18,0.1825,4,0.2143,29,0.5714,1,1,0,0,0,0,0,31639
3828.18,0.1825,4,0.2143,31,0.8571,1,1,0,0,0,0,0,34186
3828.18,0.1825,4,0.2143,32,1.0000,1,1,0,0,0,0,0,31278
3828.18,0.1825,4,0.2143,32,1.0000,1,1,0,0,0,0,0,33835
3828.18,0.1825,4,0.2143,29,0.5714,0,1,0,0,0,0,0,31099
3828.18,0.1825,4,0.2143,30,0.7143,1,1,0,0,0,0,0,31742
3828.18,0.1825,4,0.2143,29,0.5714,1,1,0,0,0,0,0,32401
3828.18,0.1825,4,0.2143,30,0.7143,1,1,0,0,0,0,0,34221
3828.18,0.1825,4,0.2143,31,0.8571,1,1,0,0,0,0,0,30382
3828.18,0.1825,4,0.2143,30,0.7143,1,1,0,0,0,0,0,33577
3828.18,0.1825,4,0.2143,29,0.5714,0,1,0,0,0,0,0,33577
12385.83,0.6561,12,0.7857,28,0.4286,1,1,0,0,0,0,0,36800
12385.83,0.6561,12,0.7857,30,0.7143,1,1,0,0,0,0,0,35840
12385.83,0.6561,12,0.7857,32,1.0000,0,1,0,0,0,0,0,42160
12385.83,0.6561,12,0.7857,32,1.0000,0,1,0,0,0,0,0,41040
12385.83,0.6561,12,0.7857,30,0.7143,1,1,0,0,0,0,0,33600
12385.83,0.6561,12,0.7857,30,0.7143,1,1,0,0,0,0,0,41400
12385.83,0.6561,12,0.7857,30,0.7143,1,1,0,0,0,0,0,46280
12385.83,0.6561,12,0.7857,29,0.5714,1,1,0,0,0,0,0,40120
12385.83,0.6561,12,0.7857,29,0.5714,0,1,0,0,0,0,0,38000
12385.83,0.6561,12,0.7857,30,0.7143,1,1,0,0,0,0,0,41000
12385.83,0.6561,12,0.7857,25,0.0000,1,1,0,0,0,0,0,31040
12385.83,0.6561,12,0.7857,30,0.7143,1,1,0,0,0,0,0,31040
12385.83,0.6561,12,0.7857,31,0.8571,1,1,0,0,0,0,0,41240
12385.83,0.6561,12,0.7857,31,0.8571,1,1,0,0,0,0,0,30320
12385.83,0.6561,12,0.7857,30,0.7143,0,1,0,0,0,0,0,38720
12385.83,0.6561,12,0.7857,30,0.7143,0,1,0,0,0,0,0,39360
12385.83,0.6561,12,0.7857,29,0.5714,1,1,0,0,0,0,0,40023
12385.83,0.6561,12,0.7857,29,0.5714,1,1,0,0,0,0,0,38462
12385.83,0.6561,12,0.7857,29,0.5714,1,1,0,0,0,0,0,34996
12385.83,0.6561,12,0.7857,29,0.5714,1,1,0,0,0,0,0,41884
12385.83,0.6561,12,0.7857,27,0.2857,1,1,0,0,0,0,0,32856
12385.83,0.6561,12,0.7857,26,0.1429,1,1,0,0,0,0,0,31372
12385.83,0.6561,12,0.7857,30,0.7143,1,1,0,0,0,0,0,49128
12385.83,0.6561,12,0.7857,30,0.7143,1,1,0,0,0,0,0,45364
12385.83,0.6561,12,0.7857,31,0.8571,1,1,0,0,0,0,0,34832
12385.83,0.6561,12,0.7857,30,0.7143,0,1,0,0,0,0,0,49732
12385.83,0.6561,12,0.7857,30,0.7143,0,1,0,0,0,0,0,38800
12385.83,0.6561,12,0.7857,30,0.7143,1,1,0,0,0,0,0,42352
12385.83,0.6561,12,0.7857,29,0.5714,1,1,0,0,0,0,0,46960
12385.83,0.6561,12,0.7857,29,0.5714,1,1,0,0,0,0,0,50856
12385.83,0.6561,12,0.7857,28,0.4286,1,1,0,0,0,0,0,39464
12385.83,0.6561,12,0.7857,27,0.2857,1,1,0,0,0,0,0,41884
12385.83,0.6561,12,0.7857,28,0.4286,1,1,0,0,0,0,0,33944
12385.83,0.6561,12,0.7857,31,0.8571,1,1,0,0,0,0,0,58428
12385.83,0.6561,12,0.7857,32,1.0000,1,1,0,0,0,0,0,51524
12385.83,0.6561,12,0.7857,32,1.0000,1,1,0,0,0,0,0,41104
12385.83,0.6561,12,0.7857,29,0.5714,0,1,0,0,0,0,0,44212
12385.83,0.6561,12,0.7857,29,0.5714,0,1,0,0,0,0,0,44052
12385.83,0.6561,12,0.7857,30,0.7143,1,1,0,0,0,0,0,58100
12385.83,0.6561,12,0.7857,29,0.5714,1,1,0,0,0,0,0,36820
12385.83,0.6561,12,0.7857,29,0.5714,1,1,0,0,0,0,0,48216
12385.83,0.6561,12,0.7857,29,0.5714,1,1,0,0,0,0,0,38792
12385.83,0.6561,12,0.7857,27,0.2857,1,1,0,0,0,0,0,42304
12385.83,0.6561,12,0.7857,27,0.2857,1,1,0,0,0,0,0,40720
12385.83,0.6561,12,0.7857,28,0.4286,1,1,0,0,0,0,0,47640
12385.83,0.6561,12,0.7857,30,0.7143,1,1,0,0,0,0,0,46840
12385.83,0.6561,12,0.7857,31,0.8571,1,1,0,0,0,0,0,42800
12385.83,0.6561,12,0.7857,30,0.7143,1,1,0,0,0,0,0,45000
12385.83,0.6561,12,0.7857,29,0.5714,0,1,0,0,0,0,0,50800
12385.83,0.6561,12,0.7857,29,0.5714,0,1,0,0,0,0,0,40760
12385.83,0.6561,12,0.7857,29,0.5714,1,1,0,0,0,0,0,47880
12385.83,0.6561,12,0.7857,29,0.5714,1,1,0,0,0,0,0,46760
12385.83,0.6561,12,0.7857,28,0.4286,1,1,0,0,0,0,0,45960
12385.83,0.6561,12,0.7857,28,0.4286,1,1,0,0,0,0,0,46520
12385.83,0.6561,12,0.7857,26,0.1429,1,1,0,0,0,0,0,38840
12385.83,0.6561,12,0.7857,27,0.2857,1,1,0,0,0,0,0,44096
12385.83,0.6561,12,0.7857,27,0.2857,1,1,0,0,0,0,0,37984
12385.83,0.6561,12,0.7857,29,0.5714,1,1,0,0,0,0,0,56240
12385.83,0.6561,12,0.7857,29,0.5714,1,1,0,0,0,0,0,39352
12385.83,0.6561,12,0.7857,29,0.5714,1,1,0,0,0,0,0,47860
12385.83,0.6561,12,0.7857,29,0.5714,0,1,0,0,0,0,0,48092
12385.83,0.6561,12,0.7857,29,0.5714,1,1,0,0,0,0,0,46720
12385.83,0.6561,12,0.7857,29,0.5714,1,1,0,0,0,0,0,46692
12385.83,0.6561,12,0.7857,29,0.5714,1,1,0,0,0,0,0,47352
12385.83,0.6561,12,0.7857,29,0.5714,1,1,0,0,0,0,0,54432
12385.83,0.6561,12,0.7857,28,0.4286,1,1,0,0,0,0,0,36144
2500.00,0.1090,10,0.6429,29,0.5714,1,1,0,0,0,0,0,48100
2500.00,0.1090,10,0.6429,29,0.5714,1,1,0,0,0,0,0,48100
2919.41,0.1322,1,0.0000,32,1.0000,0,1,0,0,0,0,0,58606
2919.41,0.1322,1,0.0000,30,0.7143,1,1,0,0,0,0,0,34877
2919.41,0.1322,1,0.0000,30,0.7143,1,1,0,0,0,0,0,34878
2919.41,0.1322,1,0.0000,29,0.5714,1,1,0,0,0,0,0,34012
2919.41,0.1322,1,0.0000,29,0.5714,0,1,0,0,0,0,0,58317
2919.41,0.1322,1,0.0000,30,0.7143,1,1,0,0,0,0,0,32019
2919.41,0.1322,1,0.0000,25,0.0000,1,1,0,0,0,0,0,48000
2919.41,0.1322,1,0.0000,28,0.4286,1,1,0,0,0,0,0,48633
2919.41,0.1322,1,0.0000,30,0.7143,1,1,0,0,0,0,0,30253
2919.41,0.1322,1,0.0000,30,0.7143,0,1,0,0,0,0,0,38000
2919.41,0.1322,1,0.0000,29,0.5714,1,1,0,0,0,0,0,38827
2919.41,0.1322,1,0.0000,29,0.5714,1,1,0,0,0,0,0,36268
2919.41,0.1322,1,0.0000,29,0.5714,1,1,0,0,0,0,0,35196
2919.41,0.1322,1,0.0000,28,0.4286,1,1,0,0,0,0,0,36060
2919.41,0.1322,1,0.0000,30,0.7143,1,1,0,0,0,0,0,36060
2919.41,0.1322,1,0.0000,30,0.7143,1,1,0,0,0,0,0,47906
2919.41,0.1322,1,0.0000,31,0.8571,1,1,0,0,0,0,0,35104
2919.41,0.1322,1,0.0000,30,0.7143,0,1,0,0,0,0,0,32099
2919.41,0.1322,1,0.0000,30,0.7143,0,1,0,0,0,0,0,33910
2919.41,0.1322,1,0.0000,30,0.7143,1,1,0,0,0,0,0,33000
2919.41,0.1322,1,0.0000,29,0.5714,1,1,0,0,0,0,0,48080
2919.41,0.1322,1,0.0000,29,0.5714,1,1,0,0,0,0,0,33118
2919.41,0.1322,1,0.0000,29,0.5714,1,1,0,0,0,0,0,37221
2919.41,0.1322,1,0.0000,28,0.4286,1,1,0,0,0,0,0,31714
2919.41,0.1322,1,0.0000,28,0.4286,1,1,0,0,0,0,0,33820
2919.41,0.1322,1,0.0000,29,0.5714,1,1,0,0,0,0,0,36318
2919.41,0.1322,1,0.0000,29,0.5714,1,1,0,0,0,0,0,36318
2919.41,0.1322,1,0.0000,29,0.5714,1,1,0,0,0,0,0,35690
2919.41,0.1322,1,0.0000,29,0.5714,1,1,0,0,0,0,0,37157
2919.41,0.1322,1,0.0000,29,0.5714,1,1,0,0,0,0,0,37654
7102.99,0.3637,3,0.1429,28,0.4286,1,1,0,0,0,0,0,43627
7102.99,0.3637,3,0.1429,30,0.7143,1,1,0,0,0,0,0,44125
7102.99,0.3637,3,0.1429,32,1.0000,0,1,0,0,0,0,0,38705
7102.99,0.3637,3,0.1429,32,1.0000,0,1,0,0,0,0,0,36975
7102.99,0.3637,3,0.1429,30,0.7143,1,1,0,0,0,0,0,43982
7102.99,0.3637,3,0.1429,30,0.7143,1,1,0,0,0,0,0,43982
7102.99,0.3637,3,0.1429,30,0.7143,1,1,0,0,0,0,0,55511
7102.99,0.3637,3,0.1429,29,0.5714,1,1,0,0,0,0,0,56629
7102.99,0.3637,3,0.1429,29,0.5714,0,1,0,0,0,0,0,39450
7102.99,0.3637,3,0.1429,30,0.7143,1,1,0,0,0,0,0,55511
7102.99,0.3637,3,0.1429,25,0.0000,1,1,0,0,0,0,0,35374
7102.99,0.3637,3,0.1429,28,0.4286,1,1,0,0,0,0,0,55135
7102.99,0.3637,3,0.1429,30,0.7143,1,1,0,0,0,0,0,68109
7102.99,0.3637,3,0.1429,31,0.8571,1,1,0,0,0,0,0,58624
7102.99,0.3637,3,0.1429,31,0.8571,1,1,0,0,0,0,0,47142
7102.99,0.3637,3,0.1429,30,0.7143,0,1,0,0,0,0,0,41325
7102.99,0.3637,3,0.1429,30,0.7143,0,1,0,0,0,0,0,60487
7102.99,0.3637,3,0.1429,29,0.5714,1,1,0,0,0,0,0,52090
7102.99,0.3637,3,0.1429,29,0.5714,1,1,0,0,0,0,0,58062
7102.99,0.3637,3,0.1429,29,0.5714,1,1,0,0,0,0,0,61912
7102.99,0.3637,3,0.1429,29,0.5714,1,1,0,0,0,0,0,38525
7102.99,0.3637,3,0.1429,27,0.2857,1,1,0,0,0,0,0,52042
7102.99,0.3637,3,0.1429,26,0.1429,1,1,0,0,0,0,0,35893
7102.99,0.3637,3,0.1429,30,0.7143,1,1,0,0,0,0,0,58742
7102.99,0.3637,3,0.1429,30,0.7143,1,1,0,0,0,0,0,46539
7102.99,0.3637,3,0.1429,31,0.8571,1,1,0,0,0,0,0,42428
7102.99,0.3637,3,0.1429,30,0.7143,0,1,0,0,0,0,0,42890
7102.99,0.3637,3,0.1429,30,0.7143,1,1,0,0,0,0,0,37602
7102.99,0.3637,3,0.1429,29,0.5714,1,1,0,0,0,0,0,58461
7102.99,0.3637,3,0.1429,27,0.2857,1,1,0,0,0,0,0,37842
7102.99,0.3637,3,0.1429,31,0.8571,1,1,0,0,0,0,0,37395
7102.99,0.3637,3,0.1429,32,1.0000,1,1,0,0,0,0,0,63808
7102.99,0.3637,3,0.1429,32,1.0000,1,1,0,0,0,0,0,50054
7102.99,0.3637,3,0.1429,29,0.5714,0,1,0,0,0,0,0,51112
7102.99,0.3637,3,0.1429,30,0.7143,1,1,0,0,0,0,0,49565
7102.99,0.3637,3,0.1429,29,0.5714,1,1,0,0,0,0,0,59318
7102.99,0.3637,3,0.1429,27,0.2857,1,1,0,0,0,0,0,30945
7102.99,0.3637,3,0.1429,28,0.4286,1,1,0,0,0,0,0,39922
7102.99,0.3637,3,0.1429,30,0.7143,1,1,0,0,0,0,0,41822
7102.99,0.3637,3,0.1429,31,0.8571,1,1,0,0,0,0,0,33382
7102.99,0.3637,3,0.1429,30,0.7143,1,1,0,0,0,0,0,37857
7102.99,0.3637,3,0.1429,29,0.5714,0,1,0,0,0,0,0,44869
7102.99,0.3637,3,0.1429,29,0.5714,0,1,0,0,0,0,0,38255
7102.99,0.3637,3,0.1429,29,0.5714,1,1,0,0,0,0,0,34921
7102.99,0.3637,3,0.1429,29,0.5714,1,1,0,0,0,0,0,39349
7102.99,0.3637,3,0.1429,28,0.4286,1,1,0,0,0,0,0,31351
7102.99,0.3637,3,0.1429,28,0.4286,1,1,0,0,0,0,0,43026
7102.99,0.3637,3,0.1429,27,0.2857,1,1,0,0,0,0,0,38907
7102.99,0.3637,3,0.1429,29,0.5714,1,1,0,0,0,0,0,35835
7102.99,0.3637,3,0.1429,29,0.5714,1,1,0,0,0,0,0,40904
7102.99,0.3637,3,0.1429,30,0.7143,0,1,0,0,0,0,0,40274
7102.99,0.3637,3,0.1429,29,0.5714,0,1,0,0,0,0,0,34592
7102.99,0.3637,3,0.1429,29,0.5714,1,1,0,0,0,0,0,38014
7102.99,0.3637,3,0.1429,29,0.5714,1,1,0,0,0,0,0,57103
7102.99,0.3637,3,0.1429,29,0.5714,1,1,0,0,0,0,0,45302
7102.99,0.3637,3,0.1429,28,0.4286,1,1,0,0,0,0,0,32735
3655.14,0.1729,5,0.2857,28,0.4286,1,1,0,0,0,0,0,33960
531.30,0.0000,2,0.0714,27,0.2857,1,1,0,0,0,0,0,45260
18556.73,0.9976,15,1.0000,32,1.0000,0,1,0,0,0,0,0,61801
18556.73,0.9976,15,1.0000,30,0.7143,1,1,0,0,0,0,0,68999
18556.73,0.9976,15,1.0000,25,0.0000,1,1,0,0,0,0,0,66219
18556.73,0.9976,15,1.0000,25,0.0000,1,1,0,0,0,0,0,45380
18556.73,0.9976,15,1.0000,31,0.8571,1,1,0,0,0,0,0,63600
18556.73,0.9976,15,1.0000,30,0.7143,0,1,0,0,0,0,0,51601
18556.73,0.9976,15,1.0000,27,0.2857,1,1,0,0,0,0,0,33600
18556.73,0.9976,15,1.0000,30,0.7143,0,1,0,0,0,0,0,56940
18556.73,0.9976,15,1.0000,30,0.7143,1,1,0,0,0,0,0,57000
18556.73,0.9976,15,1.0000,29,0.5714,0,1,0,0,0,0,0,50400
18556.73,0.9976,15,1.0000,27,0.2857,1,1,0,0,0,0,0,53148
18556.73,0.9976,15,1.0000,30,0.7143,1,1,0,0,0,0,0,31320
18556.73,0.9976,15,1.0000,29,0.5714,0,1,0,0,0,0,0,54900
18556.73,0.9976,15,1.0000,26,0.1429,1,1,0,0,0,0,0,61919
18556.73,0.9976,15,1.0000,29,0.5714,1,1,0,0,0,0,0,56819
18556.73,0.9976,15,1.0000,30,0.7143,0,1,0,0,0,0,0,60720
18556.73,0.9976,15,1.0000,29,0.5714,0,1,0,0,0,0,0,54180
18556.73,0.9976,15,1.0000,29,0.5714,1,1,0,0,0,0,0,45720
18556.73,0.9976,15,1.0000,28,0.4286,1,1,0,0,0,0,0,31500
8841.69,0.4599,12,0.7857,28,0.4286,1,1,0,0,0,0,0,56000
8841.69,0.4599,12,0.7857,30,0.7143,1,1,0,0,0,0,0,30400
8841.69,0.4599,12,0.7857,31,0.8571,0,1,0,0,0,0,0,31200
8841.69,0.4599,12,0.7857,32,1.0000,0,1,0,0,0,0,0,36800
8841.69,0.4599,12,0.7857,32,1.0000,0,1,0,0,0,0,0,43200
8841.69,0.4599,12,0.7857,30,0.7143,1,1,0,0,0,0,0,36800
8841.69,0.4599,12,0.7857,30,0.7143,1,1,0,0,0,0,0,36000
8841.69,0.4599,12,0.7857,29,0.5714,1,1,0,0,0,0,0,40000
8841.69,0.4599,12,0.7857,29,0.5714,0,1,0,0,0,0,0,43200
8841.69,0.4599,12,0.7857,25,0.0000,1,1,0,0,0,0,0,35200
8841.69,0.4599,12,0.7857,30,0.7143,1,1,0,0,0,0,0,38400
8841.69,0.4599,12,0.7857,31,0.8571,1,1,0,0,0,0,0,40000
8841.69,0.4599,12,0.7857,31,0.8571,1,1,0,0,0,0,0,36000
8841.69,0.4599,12,0.7857,30,0.7143,0,1,0,0,0,0,0,33600
8841.69,0.4599,12,0.7857,29,0.5714,1,1,0,0,0,0,0,30400
8841.69,0.4599,12,0.7857,29,0.5714,1,1,0,0,0,0,0,31920
8841.69,0.4599,12,0.7857,29,0.5714,1,1,0,0,0,0,0,43280
8841.69,0.4599,12,0.7857,29,0.5714,1,1,0,0,0,0,0,32000
8841.69,0.4599,12,0.7857,26,0.1429,1,1,0,0,0,0,0,34400
8841.69,0.4599,12,0.7857,30,0.7143,1,1,0,0,0,0,0,40800
8841.69,0.4599,12,0.7857,30,0.7143,1,1,0,0,0,0,0,39200
8841.69,0.4599,12,0.7857,30,0.7143,1,1,0,0,0,0,0,43200
8841.69,0.4599,12,0.7857,29,0.5714,1,1,0,0,0,0,0,34400
8841.69,0.4599,12,0.7857,29,0.5714,1,1,0,0,0,0,0,41600
8841.69,0.4599,12,0.7857,27,0.2857,1,1,0,0,0,0,0,32000
8841.69,0.4599,12,0.7857,28,0.4286,1,1,0,0,0,0,0,39200
8841.69,0.4599,12,0.7857,31,0.8571,1,1,0,0,0,0,0,38400
8841.69,0.4599,12,0.7857,32,1.0000,1,1,0,0,0,0,0,39200
8841.69,0.4599,12,0.7857,32,1.0000,1,1,0,0,0,0,0,41600
8841.69,0.4599,12,0.7857,29,0.5714,0,1,0,0,0,0,0,35200
8841.69,0.4599,12,0.7857,30,0.7143,1,1,0,0,0,0,0,31200
8841.69,0.4599,12,0.7857,29,0.5714,1,1,0,0,0,0,0,33600
8841.69,0.4599,12,0.7857,29,0.5714,1,1,0,0,0,0,0,31200
8841.69,0.4599,12,0.7857,29,0.5714,1,1,0,0,0,0,0,32800
8841.69,0.4599,12,0.7857,29,0.5714,1,1,0,0,0,0,0,68800
8841.69,0.4599,12,0.7857,29,0.5714,1,1,0,0,0,0,0,64000
8841.69,0.4599,12,0.7857,28,0.4286,1,1,0,0,0,0,0,67200
8841.69,0.4599,12,0.7857,28,0.4286,1,1,0,0,0,0,0,62400
8841.69,0.4599,12,0.7857,26,0.1429,1,1,0,0,0,0,0,61600
8841.69,0.4599,12,0.7857,30,0.7143,0,1,0,0,0,0,0,48000
8841.69,0.4599,12,0.7857,29,0.5714,0,1,0,0,0,0,0,54400
8841.69,0.4599,12,0.7857,29,0.5714,1,1,0,0,0,0,0,44800
8841.69,0.4599,12,0.7857,29,0.5714,1,1,0,0,0,0,0,48800
8841.69,0.4599,12,0.7857,29,0.5714,1,1,0,0,0,0,0,35200
8841.69,0.4599,12,0.7857,29,0.5714,1,1,0,0,0,0,0,38400
8841.69,0.4599,12,0.7857,28,0.4286,1,1,0,0,0,0,0,35200
4057.02,0.1951,2,0.0714,29,0.5714,1,1,0,0,0,0,0,31291
4057.02,0.1951,2,0.0714,28,0.4286,1,1,0,0,0,0,0,31291
9653.04,0.5048,5,0.2857,28,0.4286,1,1,0,0,0,0,0,68400
9653.04,0.5048,5,0.2857,30,0.7143,1,1,0,0,0,0,0,59700
9653.04,0.5048,5,0.2857,25,0.0000,1,1,0,0,0,0,0,40500
9653.04,0.5048,5,0.2857,25,0.0000,1,1,0,0,0,0,0,44400
9653.04,0.5048,5,0.2857,29,0.5714,1,1,0,0,0,0,0,53400
9653.04,0.5048,5,0.2857,29,0.5714,1,1,0,0,0,0,0,59700
9653.04,0.5048,5,0.2857,29,0.5714,1,1,0,0,0,0,0,56400
9653.04,0.5048,5,0.2857,29,0.5714,1,1,0,0,0,0,0,43500
9653.04,0.5048,5,0.2857,27,0.2857,1,1,0,0,0,0,0,33600
9653.04,0.5048,5,0.2857,26,0.1429,1,1,0,0,0,0,0,33600
9653.04,0.5048,5,0.2857,28,0.4286,1,1,0,0,0,0,0,36900
9653.04,0.5048,5,0.2857,30,0.7143,1,1,0,0,0,0,0,45600
9653.04,0.5048,5,0.2857,30,0.7143,1,1,0,0,0,0,0,43800
9653.04,0.5048,5,0.2857,31,0.8571,1,1,0,0,0,0,0,46500
9653.04,0.5048,5,0.2857,30,0.7143,0,1,0,0,0,0,0,43800
9653.04,0.5048,5,0.2857,30,0.7143,0,1,0,0,0,0,0,47100
9653.04,0.5048,5,0.2857,30,0.7143,1,1,0,0,0,0,0,47100
9653.04,0.5048,5,0.2857,29,0.5714,1,1,0,0,0,0,0,50700
9653.04,0.5048,5,0.2857,29,0.5714,1,1,0,0,0,0,0,52500
9653.04,0.5048,5,0.2857,29,0.5714,1,1,0,0,0,0,0,55200
9653.04,0.5048,5,0.2857,28,0.4286,1,1,0,0,0,0,0,49200
9653.04,0.5048,5,0.2857,28,0.4286,1,1,0,0,0,0,0,56100
9653.04,0.5048,5,0.2857,32,1.0000,1,1,0,0,0,0,0,68700
9653.04,0.5048,5,0.2857,29,0.5714,0,1,0,0,0,0,0,57900
9653.04,0.5048,5,0.2857,29,0.5714,1,1,0,0,0,0,0,68400
9653.04,0.5048,5,0.2857,29,0.5714,1,1,0,0,0,0,0,59700
9653.04,0.5048,5,0.2857,29,0.5714,1,1,0,0,0,0,0,64500
9653.04,0.5048,5,0.2857,27,0.2857,1,1,0,0,0,0,0,47400
9653.04,0.5048,5,0.2857,27,0.2857,1,1,0,0,0,0,0,50400
9653.04,0.5048,5,0.2857,28,0.4286,1,1,0,0,0,0,0,56400
9653.04,0.5048,5,0.2857,31,0.8571,1,1,0,0,0,0,0,60300
9653.04,0.5048,5,0.2857,30,0.7143,1,1,0,0,0,0,0,68100
9653.04,0.5048,5,0.2857,29,0.5714,0,1,0,0,0,0,0,55800
9653.04,0.5048,5,0.2857,29,0.5714,1,1,0,0,0,0,0,64800
9653.04,0.5048,5,0.2857,28,0.4286,1,1,0,0,0,0,0,54600
9653.04,0.5048,5,0.2857,28,0.4286,1,1,0,0,0,0,0,61200
9653.04,0.5048,5,0.2857,26,0.1429,1,1,0,0,0,0,0,42000
9653.04,0.5048,5,0.2857,27,0.2857,1,1,0,0,0,0,0,50700
9653.04,0.5048,5,0.2857,27,0.2857,1,1,0,0,0,0,0,60300
9653.04,0.5048,5,0.2857,29,0.5714,1,1,0,0,0,0,0,62700
9653.04,0.5048,5,0.2857,29,0.5714,1,1,0,0,0,0,0,47700
9653.04,0.5048,5,0.2857,29,0.5714,1,1,0,0,0,0,0,40500
9653.04,0.5048,5,0.2857,30,0.7143,0,1,0,0,0,0,0,45300
9653.04,0.5048,5,0.2857,29,0.5714,0,1,0,0,0,0,0,41100
9653.04,0.5048,5,0.2857,29,0.5714,1,1,0,0,0,0,0,46200
9653.04,0.5048,5,0.2857,29,0.5714,1,1,0,0,0,0,0,42600
9653.04,0.5048,5,0.2857,29,0.5714,1,1,0,0,0,0,0,54900
9653.04,0.5048,5,0.2857,28,0.4286,1,1,0,0,0,0,0,48300
6484.50,0.3295,8,0.5000,28,0.4286,1,1,0,0,0,0,0,68000
6484.50,0.3295,8,0.5000,32,1.0000,0,1,0,0,0,0,0,61000
6484.50,0.3295,8,0.5000,32,1.0000,0,1,0,0,0,0,0,70000
6484.50,0.3295,8,0.5000,30,0.7143,1,1,0,0,0,0,0,69000
6484.50,0.3295,8,0.5000,29,0.5714,1,1,0,0,0,0,0,70000
6484.50,0.3295,8,0.5000,29,0.5714,0,1,0,0,0,0,0,67000
6484.50,0.3295,8,0.5000,25,0.0000,1,1,0,0,0,0,0,50000
6484.50,0.3295,8,0.5000,25,0.0000,1,1,0,0,0,0,0,44000
6484.50,0.3295,8,0.5000,28,0.4286,1,1,0,0,0,0,0,61000
6484.50,0.3295,8,0.5000,30,0.7143,1,1,0,0,0,0,0,65000
6484.50,0.3295,8,0.5000,31,0.8571,1,1,0,0,0,0,0,56000
6484.50,0.3295,8,0.5000,31,0.8571,1,1,0,0,0,0,0,63393
6484.50,0.3295,8,0.5000,30,0.7143,0,1,0,0,0,0,0,63393
6484.50,0.3295,8,0.5000,30,0.7143,0,1,0,0,0,0,0,63393
6484.50,0.3295,8,0.5000,29,0.5714,1,1,0,0,0,0,0,63393
6484.50,0.3295,8,0.5000,29,0.5714,1,1,0,0,0,0,0,63393
6484.50,0.3295,8,0.5000,29,0.5714,1,1,0,0,0,0,0,63393
6484.50,0.3295,8,0.5000,29,0.5714,1,1,0,0,0,0,0,64148
6484.50,0.3295,8,0.5000,27,0.2857,1,1,0,0,0,0,0,53000
6484.50,0.3295,8,0.5000,26,0.1429,1,1,0,0,0,0,0,58000
6484.50,0.3295,8,0.5000,28,0.4286,1,1,0,0,0,0,0,69000
6484.50,0.3295,8,0.5000,30,0.7143,0,1,0,0,0,0,0,65000
6484.50,0.3295,8,0.5000,30,0.7143,1,1,0,0,0,0,0,66000
6484.50,0.3295,8,0.5000,29,0.5714,1,1,0,0,0,0,0,62000
6484.50,0.3295,8,0.5000,29,0.5714,1,1,0,0,0,0,0,62000
6484.50,0.3295,8,0.5000,28,0.4286,1,1,0,0,0,0,0,48000
6484.50,0.3295,8,0.5000,27,0.2857,1,1,0,0,0,0,0,54000
6484.50,0.3295,8,0.5000,28,0.4286,1,1,0,0,0,0,0,57000
6484.50,0.3295,8,0.5000,31,0.8571,1,1,0,0,0,0,0,70000
6484.50,0.3295,8,0.5000,29,0.5714,0,1,0,0,0,0,0,67000
6484.50,0.3295,8,0.5000,27,0.2857,1,1,0,0,0,0,0,56000
6484.50,0.3295,8,0.5000,27,0.2857,1,1,0,0,0,0,0,67000
6484.50,0.3295,8,0.5000,28,0.4286,1,1,0,0,0,0,0,69000
6484.50,0.3295,8,0.5000,29,0.5714,0,1,0,0,0,0,0,66000
6484.50,0.3295,8,0.5000,27,0.2857,1,1,0,0,0,0,0,69000
6484.50,0.3295,8,0.5000,29,0.5714,0,1,0,0,0,0,0,68000
6484.50,0.3295,8,0.5000,29,0.5714,1,1,0,0,0,0,0,68000
6484.50,0.3295,8,0.5000,28,0.4286,1,1,0,0,0,0,0,61000
1567.36,0.0573,2,0.0714,28,0.4286,1,0,1,0,0,0,0,31280
1567.36,0.0573,2,0.0714,30,0.7143,1,0,1,0,0,0,0,36320
1567.36,0.0573,2,0.0714,32,1.0000,0,0,1,0,0,0,0,32720
1567.36,0.0573,2,0.0714,32,1.0000,0,0,1,0,0,0,0,34560
1567.36,0.0573,2,0.0714,30,0.7143,1,0,1,0,0,0,0,36320
1567.36,0.0573,2,0.0714,30,0.7143,1,0,1,0,0,0,0,36320
1567.36,0.0573,2,0.0714,31,0.8571,1,0,1,0,0,0,0,31760
1567.36,0.0573,2,0.0714,30,0.7143,0,0,1,0,0,0,0,36480
1567.36,0.0573,2,0.0714,29,0.5714,1,0,1,0,0,0,0,31120
1567.36,0.0573,2,0.0714,29,0.5714,1,0,1,0,0,0,0,32676
1567.36,0.0573,2,0.0714,29,0.5714,1,0,1,0,0,0,0,30240
1567.36,0.0573,2,0.0714,30,0.7143,0,0,1,0,0,0,0,31600
1567.36,0.0573,2,0.0714,30,0.7143,1,0,1,0,0,0,0,37200
1567.36,0.0573,2,0.0714,29,0.5714,1,0,1,0,0,0,0,32480
1567.36,0.0573,2,0.0714,28,0.4286,1,0,1,0,0,0,0,33280
1567.36,0.0573,2,0.0714,32,1.0000,1,0,1,0,0,0,0,30480
1567.36,0.0573,2,0.0714,32,1.0000,1,0,1,0,0,0,0,32320
1567.36,0.0573,2,0.0714,29,0.5714,1,0,1,0,0,0,0,33760
1567.36,0.0573,2,0.0714,28,0.4286,1,0,1,0,0,0,0,33384
1567.36,0.0573,2,0.0714,30,0.7143,1,0,1,0,0,0,0,32800
1567.36,0.0573,2,0.0714,31,0.8571,1,0,1,0,0,0,0,31920
1567.36,0.0573,2,0.0714,29,0.5714,1,0,1,0,0,0,0,36000
1567.36,0.0573,2,0.0714,29,0.5714,1,0,1,0,0,0,0,33280
1567.36,0.0573,2,0.0714,28,0.4286,1,0,1,0,0,0,0,35840
1567.36,0.0573,2,0.0714,28,0.4286,1,0,1,0,0,0,0,33120
1567.36,0.0573,2,0.0714,26,0.1429,1,0,1,0,0,0,0,32560
1567.36,0.0573,2,0.0714,29,0.5714,1,0,1,0,0,0,0,49120
1567.36,0.0573,2,0.0714,29,0.5714,1,0,1,0,0,0,0,34000
1567.36,0.0573,2,0.0714,29,0.5714,1,0,1,0,0,0,0,34720
2665.17,0.1181,4,0.2143,29,0.5714,0,0,1,0,0,0,0,66955
2665.17,0.1181,4,0.2143,30,0.7143,1,0,1,0,0,0,0,65772
2665.17,0.1181,4,0.2143,30,0.7143,0,0,1,0,0,0,0,62107
2665.17,0.1181,4,0.2143,29,0.5714,1,0,1,0,0,0,0,54331
2665.17,0.1181,4,0.2143,29,0.5714,1,0,1,0,0,0,0,51125
2665.17,0.1181,4,0.2143,29,0.5714,1,0,1,0,0,0,0,62512
2665.17,0.1181,4,0.2143,29,0.5714,1,0,1,0,0,0,0,67833
2665.17,0.1181,4,0.2143,27,0.2857,1,0,1,0,0,0,0,50402
2665.17,0.1181,4,0.2143,28,0.4286,1,0,1,0,0,0,0,61576
2665.17,0.1181,4,0.2143,29,0.5714,0,0,1,0,0,0,0,43780
2665.17,0.1181,4,0.2143,30,0.7143,1,0,1,0,0,0,0,59345
2665.17,0.1181,4,0.2143,29,0.5714,1,0,1,0,0,0,0,64270
2665.17,0.1181,4,0.2143,29,0.5714,1,0,1,0,0,0,0,69489
2665.17,0.1181,4,0.2143,27,0.2857,1,0,1,0,0,0,0,61830
2665.17,0.1181,4,0.2143,27,0.2857,1,0,1,0,0,0,0,57829
2665.17,0.1181,4,0.2143,28,0.4286,1,0,1,0,0,0,0,67966
2665.17,0.1181,4,0.2143,30,0.7143,1,0,1,0,0,0,0,66857
2665.17,0.1181,4,0.2143,31,0.8571,1,0,1,0,0,0,0,64876
2665.17,0.1181,4,0.2143,30,0.7143,1,0,1,0,0,0,0,65665
2665.17,0.1181,4,0.2143,29,0.5714,0,0,1,0,0,0,0,67781
2665.17,0.1181,4,0.2143,29,0.5714,0,0,1,0,0,0,0,68718
2665.17,0.1181,4,0.2143,27,0.2857,1,0,1,0,0,0,0,64655
2665.17,0.1181,4,0.2143,29,0.5714,1,0,1,0,0,0,0,42487
2665.17,0.1181,4,0.2143,29,0.5714,1,0,1,0,0,0,0,63730
2665.17,0.1181,4,0.2143,29,0.5714,1,0,1,0,0,0,0,48130
2665.17,0.1181,4,0.2143,29,0.5714,1,0,1,0,0,0,0,47116
2665.17,0.1181,4,0.2143,29,0.5714,1,0,1,0,0,0,0,50983
2665.17,0.1181,4,0.2143,28,0.4286,1,0,1,0,0,0,0,46785
4094.27,0.1972,8,0.5000,28,0.4286,1,0,1,0,0,0,0,33400
4094.27,0.1972,8,0.5000,30,0.7143,1,0,1,0,0,0,0,39200
4094.27,0.1972,8,0.5000,32,1.0000,0,0,1,0,0,0,0,35800
4094.27,0.1972,8,0.5000,32,1.0000,0,0,1,0,0,0,0,37600
4094.27,0.1972,8,0.5000,30,0.7143,1,0,1,0,0,0,0,39200
4094.27,0.1972,8,0.5000,30,0.7143,1,0,1,0,0,0,0,39200
4094.27,0.1972,8,0.5000,29,0.5714,1,0,1,0,0,0,0,47600
4094.27,0.1972,8,0.5000,28,0.4286,1,0,1,0,0,0,0,30800
4094.27,0.1972,8,0.5000,30,0.7143,1,0,1,0,0,0,0,34400
4094.27,0.1972,8,0.5000,31,0.8571,1,0,1,0,0,0,0,38200
4094.27,0.1972,8,0.5000,30,0.7143,0,0,1,0,0,0,0,34000
4094.27,0.1972,8,0.5000,29,0.5714,1,0,1,0,0,0,0,55200
4094.27,0.1972,8,0.5000,29,0.5714,1,0,1,0,0,0,0,57960
4094.27,0.1972,8,0.5000,29,0.5714,1,0,1,0,0,0,0,38040
4094.27,0.1972,8,0.5000,29,0.5714,1,0,1,0,0,0,0,54000
4094.27,0.1972,8,0.5000,27,0.2857,1,0,1,0,0,0,0,51600
4094.27,0.1972,8,0.5000,30,0.7143,1,0,1,0,0,0,0,33600
4094.27,0.1972,8,0.5000,29,0.5714,1,0,1,0,0,0,0,36600
7776.12,0.4010,8,0.5000,31,0.8571,0,0,1,0,0,0,0,66685
7776.12,0.4010,8,0.5000,32,1.0000,0,0,1,0,0,0,0,66000
7776.12,0.4010,8,0.5000,32,1.0000,0,0,1,0,0,0,0,64198
7776.12,0.4010,8,0.5000,30,0.7143,1,0,1,0,0,0,0,61216
7776.12,0.4010,8,0.5000,30,0.7143,1,0,1,0,0,0,0,61216
7776.12,0.4010,8,0.5000,30,0.7143,1,0,1,0,0,0,0,38713
7776.12,0.4010,8,0.5000,29,0.5714,1,0,1,0,0,0,0,54773
7776.12,0.4010,8,0.5000,29,0.5714,0,0,1,0,0,0,0,55000
7776.12,0.4010,8,0.5000,25,0.0000,1,0,1,0,0,0,0,40000
7776.12,0.4010,8,0.5000,25,0.0000,1,0,1,0,0,0,0,42457
7776.12,0.4010,8,0.5000,28,0.4286,1,0,1,0,0,0,0,67061
7776.12,0.4010,8,0.5000,30,0.7143,1,0,1,0,0,0,0,67061
7776.12,0.4010,8,0.5000,31,0.8571,1,0,1,0,0,0,0,67061
7776.12,0.4010,8,0.5000,31,0.8571,1,0,1,0,0,0,0,67061
7776.12,0.4010,8,0.5000,30,0.7143,0,0,1,0,0,0,0,67061
7776.12,0.4010,8,0.5000,30,0.7143,0,0,1,0,0,0,0,61645
7776.12,0.4010,8,0.5000,29,0.5714,1,0,1,0,0,0,0,61645
7776.12,0.4010,8,0.5000,29,0.5714,1,0,1,0,0,0,0,34138
7776.12,0.4010,8,0.5000,29,0.5714,1,0,1,0,0,0,0,46553
7776.12,0.4010,8,0.5000,29,0.5714,1,0,1,0,0,0,0,55644
7776.12,0.4010,8,0.5000,27,0.2857,1,0,1,0,0,0,0,31296
7776.12,0.4010,8,0.5000,26,0.1429,1,0,1,0,0,0,0,35174
7776.12,0.4010,8,0.5000,31,0.8571,1,0,1,0,0,0,0,31863
7776.12,0.4010,8,0.5000,29,0.5714,1,0,1,0,0,0,0,31850
7776.12,0.4010,8,0.5000,31,0.8571,1,0,1,0,0,0,0,58850
7776.12,0.4010,8,0.5000,30,0.7143,1,0,1,0,0,0,0,56996
7776.12,0.4010,8,0.5000,29,0.5714,0,0,1,0,0,0,0,61031
7776.12,0.4010,8,0.5000,29,0.5714,0,0,1,0,0,0,0,53404
7776.12,0.4010,8,0.5000,29,0.5714,1,0,1,0,0,0,0,51036
7776.12,0.4010,8,0.5000,29,0.5714,1,0,1,0,0,0,0,64950
7776.12,0.4010,8,0.5000,28,0.4286,1,0,1,0,0,0,0,49549
7776.12,0.4010,8,0.5000,28,0.4286,1,0,1,0,0,0,0,48275
7776.12,0.4010,8,0.5000,26,0.1429,1,0,1,0,0,0,0,42656
7776.12,0.4010,8,0.5000,27,0.2857,1,0,1,0,0,0,0,55142
7776.12,0.4010,8,0.5000,27,0.2857,1,0,1,0,0,0,0,53331
7776.12,0.4010,8,0.5000,29,0.5714,1,0,1,0,0,0,0,52513
7776.12,0.4010,8,0.5000,29,0.5714,1,0,1,0,0,0,0,52864
7776.12,0.4010,8,0.5000,29,0.5714,1,0,1,0,0,0,0,52312
7776.12,0.4010,8,0.5000,30,0.7143,0,0,1,0,0,0,0,54833
7776.12,0.4010,8,0.5000,29,0.5714,0,0,1,0,0,0,0,54604
7776.12,0.4010,8,0.5000,29,0.5714,1,0,1,0,0,0,0,48841
7776.12,0.4010,8,0.5000,29,0.5714,1,0,1,0,0,0,0,45574
7776.12,0.4010,8,0.5000,29,0.5714,1,0,1,0,0,0,0,59016
7776.12,0.4010,8,0.5000,29,0.5714,1,0,1,0,0,0,0,56651
7776.12,0.4010,8,0.5000,28,0.4286,1,0,1,0,0,0,0,44077
1157.22,0.0346,2,0.0714,30,0.7143,1,0,1,0,0,0,0,30600
1157.22,0.0346,2,0.0714,29,0.5714,1,0,1,0,0,0,0,37680
4334.93,0.2105,5,0.2857,30,0.7143,1,0,0,1,0,0,0,33000
4334.93,0.2105,5,0.2857,30,0.7143,1,0,0,1,0,0,0,31800
4334.93,0.2105,5,0.2857,32,1.0000,1,0,0,1,0,0,0,37200
4334.93,0.2105,5,0.2857,30,0.7143,1,0,0,1,0,0,0,35400
4334.93,0.2105,5,0.2857,31,0.8571,1,0,0,1,0,0,0,31200
4334.93,0.2105,5,0.2857,29,0.5714,1,0,0,1,0,0,0,35400
2407.64,0.1038,3,0.1429,30,0.7143,0,0,0,1,0,0,0,39000
2407.64,0.1038,3,0.1429,31,0.8571,1,0,0,1,0,0,0,31000
786.54,0.0141,2,0.0714,29,0.5714,1,0,0,1,0,0,0,35000
786.54,0.0141,2,0.0714,29,0.5714,1,0,0,1,0,0,0,31000
786.54,0.0141,2,0.0714,29,0.5714,1,0,0,1,0,0,0,41000
8983.67,0.4678,9,0.5714,29,0.5714,1,0,0,1,0,0,0,62000
8983.67,0.4678,9,0.5714,29,0.5714,1,0,0,1,0,0,0,53000
8983.67,0.4678,9,0.5714,29,0.5714,1,0,0,1,0,0,0,61000
8983.67,0.4678,9,0.5714,28,0.4286,1,0,0,1,0,0,0,47000
8983.67,0.4678,9,0.5714,27,0.2857,1,0,0,1,0,0,0,42000
8983.67,0.4678,9,0.5714,28,0.4286,1,0,0,1,0,0,0,43000
8983.67,0.4678,9,0.5714,31,0.8571,1,0,0,1,0,0,0,63000
8983.67,0.4678,9,0.5714,32,1.0000,1,0,0,1,0,0,0,60000
8983.67,0.4678,9,0.5714,32,1.0000,1,0,0,1,0,0,0,62000
8983.67,0.4678,9,0.5714,29,0.5714,0,0,0,1,0,0,0,58000
8983.67,0.4678,9,0.5714,29,0.5714,0,0,0,1,0,0,0,61000
8983.67,0.4678,9,0.5714,30,0.7143,1,0,0,1,0,0,0,69000
8983.67,0.4678,9,0.5714,29,0.5714,1,0,0,1,0,0,0,65000
8983.67,0.4678,9,0.5714,29,0.5714,1,0,0,1,0,0,0,59000
8983.67,0.4678,9,0.5714,29,0.5714,1,0,0,1,0,0,0,64000
8983.67,0.4678,9,0.5714,27,0.2857,1,0,0,1,0,0,0,53000
8983.67,0.4678,9,0.5714,27,0.2857,1,0,0,1,0,0,0,50000
8983.67,0.4678,9,0.5714,28,0.4286,1,0,0,1,0,0,0,50000
8983.67,0.4678,9,0.5714,31,0.8571,1,0,0,1,0,0,0,58000
8983.67,0.4678,9,0.5714,30,0.7143,1,0,0,1,0,0,0,65000
8983.67,0.4678,9,0.5714,29,0.5714,0,0,0,1,0,0,0,63000
8983.67,0.4678,9,0.5714,29,0.5714,1,0,0,1,0,0,0,64000
8983.67,0.4678,9,0.5714,29,0.5714,1,0,0,1,0,0,0,68000
8983.67,0.4678,9,0.5714,28,0.4286,1,0,0,1,0,0,0,49000
8983.67,0.4678,9,0.5714,28,0.4286,1,0,0,1,0,0,0,57000
8983.67,0.4678,9,0.5714,26,0.1429,1,0,0,1,0,0,0,46000
8983.67,0.4678,9,0.5714,27,0.2857,1,0,0,1,0,0,0,51000
8983.67,0.4678,9,0.5714,27,0.2857,1,0,0,1,0,0,0,52000
8983.67,0.4678,9,0.5714,29,0.5714,1,0,0,1,0,0,0,64000
8983.67,0.4678,9,0.5714,29,0.5714,1,0,0,1,0,0,0,59000
8983.67,0.4678,9,0.5714,29,0.5714,1,0,0,1,0,0,0,63000
8983.67,0.4678,9,0.5714,30,0.7143,0,0,0,1,0,0,0,69000
8983.67,0.4678,9,0.5714,29,0.5714,0,0,0,1,0,0,0,66000
8983.67,0.4678,9,0.5714,29,0.5714,1,0,0,1,0,0,0,67000
6403.95,0.3250,4,0.2143,28,0.4286,1,0,0,1,0,0,0,32800
6403.95,0.3250,4,0.2143,31,0.8571,0,0,0,1,0,0,0,32800
6403.95,0.3250,4,0.2143,32,1.0000,0,0,0,1,0,0,0,30720
6403.95,0.3250,4,0.2143,32,1.0000,0,0,0,1,0,0,0,39840
6403.95,0.3250,4,0.2143,30,0.7143,1,0,0,1,0,0,0,34240
6403.95,0.3250,4,0.2143,30,0.7143,1,0,0,1,0,0,0,32320
6403.95,0.3250,4,0.2143,30,0.7143,1,0,0,1,0,0,0,37440
6403.95,0.3250,4,0.2143,29,0.5714,1,0,0,1,0,0,0,32480
6403.95,0.3250,4,0.2143,29,0.5714,0,0,0,1,0,0,0,34720
6403.95,0.3250,4,0.2143,30,0.7143,1,0,0,1,0,0,0,39840
6403.95,0.3250,4,0.2143,28,0.4286,1,0,0,1,0,0,0,55200
6403.95,0.3250,4,0.2143,30,0.7143,1,0,0,1,0,0,0,34080
6403.95,0.3250,4,0.2143,31,0.8571,1,0,0,1,0,0,0,30880
6403.95,0.3250,4,0.2143,31,0.8571,1,0,0,1,0,0,0,33280
6403.95,0.3250,4,0.2143,30,0.7143,0,0,0,1,0,0,0,36000
6403.95,0.3250,4,0.2143,30,0.7143,0,0,0,1,0,0,0,44320
6403.95,0.3250,4,0.2143,29,0.5714,1,0,0,1,0,0,0,31200
6403.95,0.3250,4,0.2143,29,0.5714,1,0,0,1,0,0,0,34080
6403.95,0.3250,4,0.2143,29,0.5714,1,0,0,1,0,0,0,35840
6403.95,0.3250,4,0.2143,29,0.5714,1,0,0,1,0,0,0,36480
6403.95,0.3250,4,0.2143,27,0.2857,1,0,0,1,0,0,0,32400
6403.95,0.3250,4,0.2143,26,0.1429,1,0,0,1,0,0,0,32400
6403.95,0.3250,4,0.2143,28,0.4286,1,0,0,1,0,0,0,32800
6403.95,0.3250,4,0.2143,30,0.7143,1,0,0,1,0,0,0,36320
6403.95,0.3250,4,0.2143,30,0.7143,1,0,0,1,0,0,0,32480
6403.95,0.3250,4,0.2143,31,0.8571,1,0,0,1,0,0,0,32480
6403.95,0.3250,4,0.2143,30,0.7143,0,0,0,1,0,0,0,37440
6403.95,0.3250,4,0.2143,30,0.7143,0,0,0,1,0,0,0,40320
6403.95,0.3250,4,0.2143,30,0.7143,1,0,0,1,0,0,0,32000
6403.95,0.3250,4,0.2143,29,0.5714,1,0,0,1,0,0,0,34720
6403.95,0.3250,4,0.2143,29,0.5714,1,0,0,1,0,0,0,34720
6403.95,0.3250,4,0.2143,29,0.5714,1,0,0,1,0,0,0,36160
6403.95,0.3250,4,0.2143,28,0.4286,1,0,0,1,0,0,0,32800
6403.95,0.3250,4,0.2143,27,0.2857,1,0,0,1,0,0,0,31680
6403.95,0.3250,4,0.2143,28,0.4286,1,0,0,1,0,0,0,32640
6403.95,0.3250,4,0.2143,31,0.8571,1,0,0,1,0,0,0,41440
6403.95,0.3250,4,0.2143,32,1.0000,1,0,0,1,0,0,0,30080
6403.95,0.3250,4,0.2143,32,1.0000,1,0,0,1,0,0,0,32480
6403.95,0.3250,4,0.2143,29,0.5714,0,0,0,1,0,0,0,38400
6403.95,0.3250,4,0.2143,29,0.5714,0,0,0,1,0,0,0,31520
6403.95,0.3250,4,0.2143,30,0.7143,1,0,0,1,0,0,0,34560
6403.95,0.3250,4,0.2143,29,0.5714,1,0,0,1,0,0,0,34080
6403.95,0.3250,4,0.2143,29,0.5714,1,0,0,1,0,0,0,32160
6403.95,0.3250,4,0.2143,29,0.5714,1,0,0,1,0,0,0,36640
6403.95,0.3250,4,0.2143,27,0.2857,1,0,0,1,0,0,0,31520
6403.95,0.3250,4,0.2143,30,0.7143,1,0,0,1,0,0,0,40320
6403.95,0.3250,4,0.2143,30,0.7143,1,0,0,1,0,0,0,31520
6403.95,0.3250,4,0.2143,29,0.5714,0,0,0,1,0,0,0,33760
6403.95,0.3250,4,0.2143,29,0.5714,1,0,0,1,0,0,0,36640
6403.95,0.3250,4,0.2143,29,0.5714,1,0,0,1,0,0,0,32160
6403.95,0.3250,4,0.2143,29,0.5714,0,0,0,1,0,0,0,30720
6403.95,0.3250,4,0.2143,29,0.5714,1,0,0,1,0,0,0,32480
6403.95,0.3250,4,0.2143,29,0.5714,1,0,0,1,0,0,0,30560
5801.84,0.2917,4,0.2143,28,0.4286,1,0,0,1,0,0,0,54000
5801.84,0.2917,4,0.2143,30,0.7143,1,0,0,1,0,0,0,54800
5801.84,0.2917,4,0.2143,31,0.8571,0,0,0,1,0,0,0,54800
5801.84,0.2917,4,0.2143,32,1.0000,0,0,0,1,0,0,0,45200
5801.84,0.2917,4,0.2143,32,1.0000,0,0,0,1,0,0,0,55600
5801.84,0.2917,4,0.2143,30,0.7143,1,0,0,1,0,0,0,56800
5801.84,0.2917,4,0.2143,30,0.7143,1,0,0,1,0,0,0,58000
5801.84,0.2917,4,0.2143,30,0.7143,1,0,0,1,0,0,0,64800
5801.84,0.2917,4,0.2143,29,0.5714,1,0,0,1,0,0,0,56800
5801.84,0.2917,4,0.2143,29,0.5714,0,0,0,1,0,0,0,52400
5801.84,0.2917,4,0.2143,30,0.7143,1,0,0,1,0,0,0,60400
5801.84,0.2917,4,0.2143,25,0.0000,1,0,0,1,0,0,0,34400
5801.84,0.2917,4,0.2143,25,0.0000,1,0,0,1,0,0,0,42000
5801.84,0.2917,4,0.2143,30,0.7143,1,0,0,1,0,0,0,57200
5801.84,0.2917,4,0.2143,31,0.8571,1,0,0,1,0,0,0,51200
5801.84,0.2917,4,0.2143,31,0.8571,1,0,0,1,0,0,0,46000
5801.84,0.2917,4,0.2143,30,0.7143,0,0,0,1,0,0,0,52800
5801.84,0.2917,4,0.2143,30,0.7143,0,0,0,1,0,0,0,52400
5801.84,0.2917,4,0.2143,29,0.5714,1,0,0,1,0,0,0,52000
5801.84,0.2917,4,0.2143,29,0.5714,1,0,0,1,0,0,0,59200
5801.84,0.2917,4,0.2143,29,0.5714,1,0,0,1,0,0,0,61200
5801.84,0.2917,4,0.2143,29,0.5714,1,0,0,1,0,0,0,56800
5801.84,0.2917,4,0.2143,27,0.2857,1,0,0,1,0,0,0,46800
5801.84,0.2917,4,0.2143,26,0.1429,1,0,0,1,0,0,0,46800
5801.84,0.2917,4,0.2143,28,0.4286,1,0,0,1,0,0,0,56800
5801.84,0.2917,4,0.2143,30,0.7143,1,0,0,1,0,0,0,65200
5801.84,0.2917,4,0.2143,30,0.7143,1,0,0,1,0,0,0,58400
5801.84,0.2917,4,0.2143,31,0.8571,1,0,0,1,0,0,0,54400
5801.84,0.2917,4,0.2143,30,0.7143,0,0,0,1,0,0,0,58000
5801.84,0.2917,4,0.2143,30,0.7143,0,0,0,1,0,0,0,58800
5801.84,0.2917,4,0.2143,30,0.7143,1,0,0,1,0,0,0,59200
5801.84,0.2917,4,0.2143,29,0.5714,1,0,0,1,0,0,0,65200
5801.84,0.2917,4,0.2143,29,0.5714,1,0,0,1,0,0,0,61200
5801.84,0.2917,4,0.2143,29,0.5714,1,0,0,1,0,0,0,64800
5801.84,0.2917,4,0.2143,28,0.4286,1,0,0,1,0,0,0,49200
5801.84,0.2917,4,0.2143,27,0.2857,1,0,0,1,0,0,0,44800
5801.84,0.2917,4,0.2143,28,0.4286,1,0,0,1,0,0,0,58000
5801.84,0.2917,4,0.2143,32,1.0000,1,0,0,1,0,0,0,62800
5801.84,0.2917,4,0.2143,32,1.0000,1,0,0,1,0,0,0,59600
5801.84,0.2917,4,0.2143,29,0.5714,0,0,0,1,0,0,0,62800
5801.84,0.2917,4,0.2143,29,0.5714,0,0,0,1,0,0,0,53200
5801.84,0.2917,4,0.2143,30,0.7143,1,0,0,1,0,0,0,65200
5801.84,0.2917,4,0.2143,29,0.5714,1,0,0,1,0,0,0,64000
5801.84,0.2917,4,0.2143,29,0.5714,1,0,0,1,0,0,0,56800
5801.84,0.2917,4,0.2143,29,0.5714,1,0,0,1,0,0,0,64400
5801.84,0.2917,4,0.2143,27,0.2857,1,0,0,1,0,0,0,48000
5801.84,0.2917,4,0.2143,27,0.2857,1,0,0,1,0,0,0,45600
5801.84,0.2917,4,0.2143,28,0.4286,1,0,0,1,0,0,0,55200
5801.84,0.2917,4,0.2143,31,0.8571,1,0,0,1,0,0,0,55200
5801.84,0.2917,4,0.2143,30,0.7143,1,0,0,1,0,0,0,58400
5801.84,0.2917,4,0.2143,29,0.5714,0,0,0,1,0,0,0,62800
5801.84,0.2917,4,0.2143,29,0.5714,0,0,0,1,0,0,0,51200
5801.84,0.2917,4,0.2143,29,0.5714,1,0,0,1,0,0,0,67200
5801.84,0.2917,4,0.2143,29,0.5714,1,0,0,1,0,0,0,60800
5801.84,0.2917,4,0.2143,28,0.4286,1,0,0,1,0,0,0,50400
5801.84,0.2917,4,0.2143,28,0.4286,1,0,0,1,0,0,0,60000
5801.84,0.2917,4,0.2143,26,0.1429,1,0,0,1,0,0,0,42800
5801.84,0.2917,4,0.2143,27,0.2857,1,0,0,1,0,0,0,46400
5801.84,0.2917,4,0.2143,27,0.2857,1,0,0,1,0,0,0,56800
5801.84,0.2917,4,0.2143,29,0.5714,1,0,0,1,0,0,0,58800
5801.84,0.2917,4,0.2143,29,0.5714,1,0,0,1,0,0,0,53600
5801.84,0.2917,4,0.2143,29,0.5714,1,0,0,1,0,0,0,54800
5801.84,0.2917,4,0.2143,30,0.7143,0,0,0,1,0,0,0,57200
5801.84,0.2917,4,0.2143,29,0.5714,0,0,0,1,0,0,0,54000
5801.84,0.2917,4,0.2143,29,0.5714,1,0,0,1,0,0,0,64000
5801.84,0.2917,4,0.2143,29,0.5714,1,0,0,1,0,0,0,63600
5801.84,0.2917,4,0.2143,28,0.4286,1,0,0,1,0,0,0,61200
927.51,0.0219,2,0.0714,31,0.8571,1,0,0,1,0,0,0,49140
927.51,0.0219,2,0.0714,32,1.0000,1,0,0,1,0,0,0,50680
927.51,0.0219,2,0.0714,32,1.0000,1,0,0,1,0,0,0,53760
927.51,0.0219,2,0.0714,29,0.5714,0,0,0,1,0,0,0,37140
927.51,0.0219,2,0.0714,29,0.5714,0,0,0,1,0,0,0,38360
927.51,0.0219,2,0.0714,30,0.7143,1,0,0,1,0,0,0,46400
927.51,0.0219,2,0.0714,29,0.5714,1,0,0,1,0,0,0,50280
927.51,0.0219,2,0.0714,29,0.5714,1,0,0,1,0,0,0,54840
927.51,0.0219,2,0.0714,29,0.5714,1,0,0,1,0,0,0,45840
927.51,0.0219,2,0.0714,27,0.2857,1,0,0,1,0,0,0,37520
927.51,0.0219,2,0.0714,27,0.2857,1,0,0,1,0,0,0,46200
927.51,0.0219,2,0.0714,30,0.7143,1,0,0,1,0,0,0,38100
927.51,0.0219,2,0.0714,31,0.8571,1,0,0,1,0,0,0,36960
927.51,0.0219,2,0.0714,30,0.7143,1,0,0,1,0,0,0,42920
927.51,0.0219,2,0.0714,29,0.5714,0,0,0,1,0,0,0,44260
927.51,0.0219,2,0.0714,29,0.5714,0,0,0,1,0,0,0,44900
5762.33,0.2895,7,0.4286,31,0.8571,0,0,0,0,1,0,0,36000
5762.33,0.2895,7,0.4286,32,1.0000,0,0,0,0,1,0,0,39000
5762.33,0.2895,7,0.4286,30,0.7143,1,0,0,0,1,0,0,31000
5762.33,0.2895,7,0.4286,30,0.7143,1,0,0,0,1,0,0,31000
5762.33,0.2895,7,0.4286,30,0.7143,1,0,0,0,1,0,0,34000
5762.33,0.2895,7,0.4286,30,0.7143,1,0,0,0,1,0,0,34000
5762.33,0.2895,7,0.4286,30,0.7143,1,0,0,0,1,0,0,37000
5762.33,0.2895,7,0.4286,31,0.8571,1,0,0,0,1,0,0,39000
5762.33,0.2895,7,0.4286,31,0.8571,1,0,0,0,1,0,0,40000
5762.33,0.2895,7,0.4286,30,0.7143,0,0,0,0,1,0,0,39000
5762.33,0.2895,7,0.4286,30,0.7143,0,0,0,0,1,0,0,38000
5762.33,0.2895,7,0.4286,29,0.5714,1,0,0,0,1,0,0,38000
5762.33,0.2895,7,0.4286,29,0.5714,1,0,0,0,1,0,0,37000
5762.33,0.2895,7,0.4286,29,0.5714,1,0,0,0,1,0,0,33511
5762.33,0.2895,7,0.4286,29,0.5714,1,0,0,0,1,0,0,35000
5762.33,0.2895,7,0.4286,30,0.7143,1,0,0,0,1,0,0,36000
5762.33,0.2895,7,0.4286,30,0.7143,1,0,0,0,1,0,0,34000
5762.33,0.2895,7,0.4286,31,0.8571,1,0,0,0,1,0,0,39000
5762.33,0.2895,7,0.4286,30,0.7143,0,0,0,0,1,0,0,34000
5762.33,0.2895,7,0.4286,30,0.7143,0,0,0,0,1,0,0,38000
5762.33,0.2895,7,0.4286,30,0.7143,1,0,0,0,1,0,0,33000
5762.33,0.2895,7,0.4286,29,0.5714,1,0,0,0,1,0,0,32000
5762.33,0.2895,7,0.4286,29,0.5714,1,0,0,0,1,0,0,33000
5762.33,0.2895,7,0.4286,29,0.5714,1,0,0,0,1,0,0,33000
5762.33,0.2895,7,0.4286,28,0.4286,1,0,0,0,1,0,0,31000
5762.33,0.2895,7,0.4286,31,0.8571,1,0,0,0,1,0,0,31000
5762.33,0.2895,7,0.4286,32,1.0000,1,0,0,0,1,0,0,32000
5762.33,0.2895,7,0.4286,29,0.5714,0,0,0,0,1,0,0,34000
5762.33,0.2895,7,0.4286,30,0.7143,1,0,0,0,1,0,0,31000
2506.04,0.1093,4,0.2143,29,0.5714,1,0,0,0,1,0,0,38000
2506.04,0.1093,4,0.2143,29,0.5714,1,0,0,0,1,0,0,34000
2506.04,0.1093,4,0.2143,29,0.5714,1,0,0,0,1,0,0,36000
2506.04,0.1093,4,0.2143,28,0.4286,1,0,0,0,1,0,0,36000
2506.04,0.1093,4,0.2143,27,0.2857,1,0,0,0,1,0,0,33000
2506.04,0.1093,4,0.2143,28,0.4286,1,0,0,0,1,0,0,32000
2506.04,0.1093,4,0.2143,31,0.8571,1,0,0,0,1,0,0,43000
2506.04,0.1093,4,0.2143,32,1.0000,1,0,0,0,1,0,0,41000
2506.04,0.1093,4,0.2143,32,1.0000,1,0,0,0,1,0,0,45000
2506.04,0.1093,4,0.2143,29,0.5714,0,0,0,0,1,0,0,38000
2506.04,0.1093,4,0.2143,29,0.5714,0,0,0,0,1,0,0,40000
2506.04,0.1093,4,0.2143,30,0.7143,1,0,0,0,1,0,0,39000
2506.04,0.1093,4,0.2143,29,0.5714,1,0,0,0,1,0,0,36000
2506.04,0.1093,4,0.2143,29,0.5714,1,0,0,0,1,0,0,37000
2506.04,0.1093,4,0.2143,29,0.5714,1,0,0,0,1,0,0,38000
2506.04,0.1093,4,0.2143,27,0.2857,1,0,0,0,1,0,0,34000
2506.04,0.1093,4,0.2143,27,0.2857,1,0,0,0,1,0,0,33000
2506.04,0.1093,4,0.2143,28,0.4286,1,0,0,0,1,0,0,36000
2506.04,0.1093,4,0.2143,30,0.7143,1,0,0,0,1,0,0,43000
2506.04,0.1093,4,0.2143,31,0.8571,1,0,0,0,1,0,0,42000
2506.04,0.1093,4,0.2143,30,0.7143,1,0,0,0,1,0,0,40000
2506.04,0.1093,4,0.2143,29,0.5714,0,0,0,0,1,0,0,34000
2506.04,0.1093,4,0.2143,29,0.5714,1,0,0,0,1,0,0,35000
2506.04,0.1093,4,0.2143,29,0.5714,1,0,0,0,1,0,0,35000
2506.04,0.1093,4,0.2143,28,0.4286,1,0,0,0,1,0,0,36000
2506.04,0.1093,4,0.2143,28,0.4286,1,0,0,0,1,0,0,35000
2506.04,0.1093,4,0.2143,27,0.2857,1,0,0,0,1,0,0,32000
2506.04,0.1093,4,0.2143,27,0.2857,1,0,0,0,1,0,0,35000
2506.04,0.1093,4,0.2143,29,0.5714,1,0,0,0,1,0,0,40000
2506.04,0.1093,4,0.2143,29,0.5714,1,0,0,0,1,0,0,39000
2506.04,0.1093,4,0.2143,29,0.5714,1,0,0,0,1,0,0,38000
2506.04,0.1093,4,0.2143,30,0.7143,0,0,0,0,1,0,0,36000
2506.04,0.1093,4,0.2143,29,0.5714,0,0,0,0,1,0,0,36000
2506.04,0.1093,4,0.2143,29,0.5714,1,0,0,0,1,0,0,39000
12368.47,0.6551,15,1.0000,25,0.0000,1,0,0,0,1,0,0,63760
12368.47,0.6551,15,1.0000,28,0.4286,1,0,0,0,1,0,0,68865
7274.89,0.3732,7,0.4286,30,0.7143,1,0,0,0,1,0,0,40000
7274.89,0.3732,7,0.4286,29,0.5714,1,0,0,0,1,0,0,41000
7274.89,0.3732,7,0.4286,29,0.5714,1,0,0,0,1,0,0,40000
7274.89,0.3732,7,0.4286,29,0.5714,1,0,0,0,1,0,0,41000
7274.89,0.3732,7,0.4286,28,0.4286,1,0,0,0,1,0,0,32000
7274.89,0.3732,7,0.4286,27,0.2857,1,0,0,0,1,0,0,32000
7274.89,0.3732,7,0.4286,28,0.4286,1,0,0,0,1,0,0,35000
7274.89,0.3732,7,0.4286,31,0.8571,1,0,0,0,1,0,0,43000
7274.89,0.3732,7,0.4286,32,1.0000,1,0,0,0,1,0,0,39000
7274.89,0.3732,7,0.4286,32,1.0000,1,0,0,0,1,0,0,40000
7274.89,0.3732,7,0.4286,29,0.5714,0,0,0,0,1,0,0,36000
7274.89,0.3732,7,0.4286,29,0.5714,0,0,0,0,1,0,0,32000
7274.89,0.3732,7,0.4286,30,0.7143,1,0,0,0,1,0,0,40000
7274.89,0.3732,7,0.4286,29,0.5714,1,0,0,0,1,0,0,39000
7274.89,0.3732,7,0.4286,29,0.5714,1,0,0,0,1,0,0,38000
7274.89,0.3732,7,0.4286,29,0.5714,1,0,0,0,1,0,0,37000
3114.01,0.1429,3,0.1429,30,0.7143,1,0,0,0,1,0,0,40751
3114.01,0.1429,3,0.1429,29,0.5714,1,0,0,0,1,0,0,42167
3114.01,0.1429,3,0.1429,29,0.5714,1,0,0,0,1,0,0,38112
3114.01,0.1429,3,0.1429,29,0.5714,1,0,0,0,1,0,0,43350
3114.01,0.1429,3,0.1429,28,0.4286,1,0,0,0,1,0,0,31377
3114.01,0.1429,3,0.1429,27,0.2857,1,0,0,0,1,0,0,39632
3114.01,0.1429,3,0.1429,28,0.4286,1,0,0,0,1,0,0,35593
3114.01,0.1429,3,0.1429,31,0.8571,1,0,0,0,1,0,0,55040
3114.01,0.1429,3,0.1429,32,1.0000,1,0,0,0,1,0,0,48440
3114.01,0.1429,3,0.1429,32,1.0000,1,0,0,0,1,0,0,46725
3114.01,0.1429,3,0.1429,29,0.5714,0,0,0,0,1,0,0,39339
3114.01,0.1429,3,0.1429,29,0.5714,0,0,0,0,1,0,0,36996
3114.01,0.1429,3,0.1429,30,0.7143,1,0,0,0,1,0,0,45921
3114.01,0.1429,3,0.1429,29,0.5714,1,0,0,0,1,0,0,42352
3114.01,0.1429,3,0.1429,29,0.5714,1,0,0,0,1,0,0,44634
3114.01,0.1429,3,0.1429,29,0.5714,1,0,0,0,1,0,0,37430
7330.71,0.3763,2,0.0714,28,0.4286,1,0,0,0,1,0,0,34400
7330.71,0.3763,2,0.0714,30,0.7143,1,0,0,0,1,0,0,30320
7330.71,0.3763,2,0.0714,32,1.0000,0,0,0,0,1,0,0,45040
7330.71,0.3763,2,0.0714,32,1.0000,0,0,0,0,1,0,0,36400
7330.71,0.3763,2,0.0714,30,0.7143,1,0,0,0,1,0,0,39360
7330.71,0.3763,2,0.0714,30,0.7143,1,0,0,0,1,0,0,32080
7330.71,0.3763,2,0.0714,30,0.7143,1,0,0,0,1,0,0,36880
7330.71,0.3763,2,0.0714,29,0.5714,1,0,0,0,1,0,0,30240
7330.71,0.3763,2,0.0714,25,0.0000,1,0,0,0,1,0,0,30720
7330.71,0.3763,2,0.0714,28,0.4286,1,0,0,0,1,0,0,32000
7330.71,0.3763,2,0.0714,30,0.7143,1,0,0,0,1,0,0,32480
7330.71,0.3763,2,0.0714,31,0.8571,1,0,0,0,1,0,0,39520
7330.71,0.3763,2,0.0714,31,0.8571,1,0,0,0,1,0,0,34000
7330.71,0.3763,2,0.0714,30,0.7143,0,0,0,0,1,0,0,40960
7330.71,0.3763,2,0.0714,30,0.7143,0,0,0,0,1,0,0,36400
7330.71,0.3763,2,0.0714,29,0.5714,1,0,0,0,1,0,0,36480
7330.71,0.3763,2,0.0714,29,0.5714,1,0,0,0,1,0,0,36080
7330.71,0.3763,2,0.0714,29,0.5714,1,0,0,0,1,0,0,34720
7330.71,0.3763,2,0.0714,29,0.5714,1,0,0,0,1,0,0,33920
7330.71,0.3763,2,0.0714,30,0.7143,1,0,0,0,1,0,0,33680
7330.71,0.3763,2,0.0714,30,0.7143,1,0,0,0,1,0,0,34240
7330.71,0.3763,2,0.0714,31,0.8571,1,0,0,0,1,0,0,32240
7330.71,0.3763,2,0.0714,30,0.7143,0,0,0,0,1,0,0,39840
7330.71,0.3763,2,0.0714,30,0.7143,0,0,0,0,1,0,0,37120
7330.71,0.3763,2,0.0714,28,0.4286,1,0,0,0,1,0,0,65920
7330.71,0.3763,2,0.0714,29,0.5714,0,0,0,0,1,0,0,68080
7330.71,0.3763,2,0.0714,30,0.7143,1,0,0,0,1,0,0,50480
7330.71,0.3763,2,0.0714,27,0.2857,1,0,0,0,1,0,0,56960
7330.71,0.3763,2,0.0714,27,0.2857,1,0,0,0,1,0,0,31360
7330.71,0.3763,2,0.0714,28,0.4286,1,0,0,0,1,0,0,30400
7330.71,0.3763,2,0.0714,30,0.7143,1,0,0,0,1,0,0,31360
7330.71,0.3763,2,0.0714,31,0.8571,1,0,0,0,1,0,0,46640
10996.18,0.5792,4,0.2143,29,0.5714,0,0,0,0,1,0,0,67000
10996.18,0.5792,4,0.2143,25,0.0000,1,0,0,0,1,0,0,56000
10996.18,0.5792,4,0.2143,25,0.0000,1,0,0,0,1,0,0,53000
10996.18,0.5792,4,0.2143,28,0.4286,1,0,0,0,1,0,0,62000
10996.18,0.5792,4,0.2143,27,0.2857,1,0,0,0,1,0,0,64000
10996.18,0.5792,4,0.2143,26,0.1429,1,0,0,0,1,0,0,63000
10996.18,0.5792,4,0.2143,27,0.2857,1,0,0,0,1,0,0,65000
10996.18,0.5792,4,0.2143,28,0.4286,1,0,0,0,1,0,0,63000
10996.18,0.5792,4,0.2143,29,0.5714,0,0,0,0,1,0,0,62000
10996.18,0.5792,4,0.2143,29,0.5714,1,0,0,0,1,0,0,68000
10996.18,0.5792,4,0.2143,28,0.4286,1,0,0,0,1,0,0,67000
10996.18,0.5792,4,0.2143,28,0.4286,1,0,0,0,1,0,0,64000
10996.18,0.5792,4,0.2143,26,0.1429,1,0,0,0,1,0,0,64000
10996.18,0.5792,4,0.2143,27,0.2857,1,0,0,0,1,0,0,63000
10996.18,0.5792,4,0.2143,27,0.2857,1,0,0,0,1,0,0,68000
10996.18,0.5792,4,0.2143,29,0.5714,0,0,0,0,1,0,0,70000
10996.18,0.5792,4,0.2143,28,0.4286,1,0,0,0,1,0,0,68000
5361.88,0.2673,4,0.2143,29,0.5714,1,0,0,0,1,0,0,54000
5361.88,0.2673,4,0.2143,27,0.2857,1,0,0,0,1,0,0,37000
3295.93,0.1530,4,0.2143,30,0.7143,1,0,0,0,1,0,0,36800
3295.93,0.1530,4,0.2143,30,0.7143,1,0,0,0,1,0,0,31000
2687.59,0.1193,6,0.3571,28,0.4286,1,0,0,0,1,0,0,38000
2687.59,0.1193,6,0.3571,30,0.7143,1,0,0,0,1,0,0,39000
2687.59,0.1193,6,0.3571,31,0.8571,0,0,0,0,1,0,0,46000
2687.59,0.1193,6,0.3571,32,1.0000,0,0,0,0,1,0,0,34000
2687.59,0.1193,6,0.3571,32,1.0000,0,0,0,0,1,0,0,45000
2687.59,0.1193,6,0.3571,30,0.7143,1,0,0,0,1,0,0,41000
2687.59,0.1193,6,0.3571,30,0.7143,1,0,0,0,1,0,0,39000
2687.59,0.1193,6,0.3571,30,0.7143,1,0,0,0,1,0,0,44000
2687.59,0.1193,6,0.3571,29,0.5714,1,0,0,0,1,0,0,37000
2687.59,0.1193,6,0.3571,29,0.5714,0,0,0,0,1,0,0,38000
2687.59,0.1193,6,0.3571,30,0.7143,1,0,0,0,1,0,0,41000
2687.59,0.1193,6,0.3571,28,0.4286,1,0,0,0,1,0,0,33000
2687.59,0.1193,6,0.3571,30,0.7143,1,0,0,0,1,0,0,40000
2687.59,0.1193,6,0.3571,31,0.8571,1,0,0,0,1,0,0,40000
2687.59,0.1193,6,0.3571,31,0.8571,1,0,0,0,1,0,0,40000
2687.59,0.1193,6,0.3571,30,0.7143,0,0,0,0,1,0,0,44000
2687.59,0.1193,6,0.3571,30,0.7143,0,0,0,0,1,0,0,37000
2687.59,0.1193,6,0.3571,29,0.5714,1,0,0,0,1,0,0,38000
2687.59,0.1193,6,0.3571,29,0.5714,1,0,0,0,1,0,0,36000
2687.59,0.1193,6,0.3571,29,0.5714,1,0,0,0,1,0,0,36000
2687.59,0.1193,6,0.3571,29,0.5714,1,0,0,0,1,0,0,35000
2687.59,0.1193,6,0.3571,28,0.4286,1,0,0,0,1,0,0,32000
2687.59,0.1193,6,0.3571,30,0.7143,1,0,0,0,1,0,0,40000
2687.59,0.1193,6,0.3571,30,0.7143,1,0,0,0,1,0,0,38000
2687.59,0.1193,6,0.3571,31,0.8571,1,0,0,0,1,0,0,39000
2687.59,0.1193,6,0.3571,30,0.7143,0,0,0,0,1,0,0,34000
2687.59,0.1193,6,0.3571,30,0.7143,0,0,0,0,1,0,0,39000
2687.59,0.1193,6,0.3571,30,0.7143,1,0,0,0,1,0,0,36000
2687.59,0.1193,6,0.3571,29,0.5714,1,0,0,0,1,0,0,37000
2687.59,0.1193,6,0.3571,29,0.5714,1,0,0,0,1,0,0,31000
2687.59,0.1193,6,0.3571,29,0.5714,1,0,0,0,1,0,0,33000
2687.59,0.1193,6,0.3571,31,0.8571,1,0,0,0,1,0,0,35000
2687.59,0.1193,6,0.3571,32,1.0000,1,0,0,0,1,0,0,31000
2687.59,0.1193,6,0.3571,32,1.0000,1,0,0,0,1,0,0,32000
2687.59,0.1193,6,0.3571,30,0.7143,1,0,0,0,1,0,0,35000
2687.59,0.1193,6,0.3571,30,0.7143,1,0,0,0,1,0,0,31000
2687.59,0.1193,6,0.3571,29,0.5714,0,0,0,0,1,0,0,31000
2687.59,0.1193,6,0.3571,29,0.5714,1,0,0,0,1,0,0,31000
2687.59,0.1193,6,0.3571,29,0.5714,1,0,0,0,1,0,0,32000
2687.59,0.1193,6,0.3571,29,0.5714,1,0,0,0,1,0,0,32000
2687.59,0.1193,6,0.3571,29,0.5714,1,0,0,0,1,0,0,31000
2687.59,0.1193,6,0.3571,29,0.5714,1,0,0,0,1,0,0,31000
9570.37,0.5003,5,0.2857,25,0.0000,1,0,0,0,1,0,0,61000
9570.37,0.5003,5,0.2857,25,0.0000,1,0,0,0,1,0,0,61000
9570.37,0.5003,5,0.2857,27,0.2857,1,0,0,0,1,0,0,69000
9570.37,0.5003,5,0.2857,26,0.1429,1,0,0,0,1,0,0,65000
9570.37,0.5003,5,0.2857,28,0.4286,1,0,0,0,1,0,0,69000
9570.37,0.5003,5,0.2857,27,0.2857,1,0,0,0,1,0,0,64000
9570.37,0.5003,5,0.2857,28,0.4286,1,0,0,0,1,0,0,56000
9570.37,0.5003,5,0.2857,32,1.0000,1,0,0,0,1,0,0,67000
9570.37,0.5003,5,0.2857,29,0.5714,0,0,0,0,1,0,0,63000
9570.37,0.5003,5,0.2857,29,0.5714,0,0,0,0,1,0,0,64000
9570.37,0.5003,5,0.2857,30,0.7143,1,0,0,0,1,0,0,60000
9570.37,0.5003,5,0.2857,29,0.5714,1,0,0,0,1,0,0,59000
9570.37,0.5003,5,0.2857,29,0.5714,1,0,0,0,1,0,0,58000
9570.37,0.5003,5,0.2857,29,0.5714,1,0,0,0,1,0,0,58000
9570.37,0.5003,5,0.2857,27,0.2857,1,0,0,0,1,0,0,48000
9570.37,0.5003,5,0.2857,27,0.2857,1,0,0,0,1,0,0,52000
9570.37,0.5003,5,0.2857,28,0.4286,1,0,0,0,1,0,0,48000
9570.37,0.5003,5,0.2857,30,0.7143,1,0,0,0,1,0,0,65000
9570.37,0.5003,5,0.2857,31,0.8571,1,0,0,0,1,0,0,54000
9570.37,0.5003,5,0.2857,30,0.7143,1,0,0,0,1,0,0,56000
9570.37,0.5003,5,0.2857,29,0.5714,0,0,0,0,1,0,0,56000
9570.37,0.5003,5,0.2857,29,0.5714,0,0,0,0,1,0,0,57000
9570.37,0.5003,5,0.2857,29,0.5714,1,0,0,0,1,0,0,57000
9570.37,0.5003,5,0.2857,29,0.5714,1,0,0,0,1,0,0,58000
9570.37,0.5003,5,0.2857,28,0.4286,1,0,0,0,1,0,0,50000
9570.37,0.5003,5,0.2857,28,0.4286,1,0,0,0,1,0,0,52000
9570.37,0.5003,5,0.2857,26,0.1429,1,0,0,0,1,0,0,52000
9570.37,0.5003,5,0.2857,27,0.2857,1,0,0,0,1,0,0,55000
9570.37,0.5003,5,0.2857,27,0.2857,1,0,0,0,1,0,0,52000
9570.37,0.5003,5,0.2857,29,0.5714,1,0,0,0,1,0,0,64000
9570.37,0.5003,5,0.2857,29,0.5714,1,0,0,0,1,0,0,62000
9570.37,0.5003,5,0.2857,29,0.5714,1,0,0,0,1,0,0,63000
9570.37,0.5003,5,0.2857,30,0.7143,0,0,0,0,1,0,0,56000
9570.37,0.5003,5,0.2857,29,0.5714,0,0,0,0,1,0,0,51000
9570.37,0.5003,5,0.2857,29,0.5714,1,0,0,0,1,0,0,53000
9570.37,0.5003,5,0.2857,29,0.5714,1,0,0,0,1,0,0,56000
9570.37,0.5003,5,0.2857,29,0.5714,1,0,0,0,1,0,0,57000
9570.37,0.5003,5,0.2857,29,0.5714,1,0,0,0,1,0,0,56000
9570.37,0.5003,5,0.2857,28,0.4286,1,0,0,0,1,0,0,53000
10235.45,0.5371,14,0.9286,28,0.4286,1,0,0,0,0,1,0,30124
10235.45,0.5371,14,0.9286,30,0.7143,1,0,0,0,0,1,0,30010
5090.53,0.2523,5,0.2857,28,0.4286,1,0,0,0,0,0,1,36000
5090.53,0.2523,5,0.2857,30,0.7143,1,0,0,0,0,0,1,35000
5090.53,0.2523,5,0.2857,31,0.8571,0,0,0,0,0,0,1,41000
5090.53,0.2523,5,0.2857,32,1.0000,0,0,0,0,0,0,1,33000
5090.53,0.2523,5,0.2857,32,1.0000,0,0,0,0,0,0,1,40000
5090.53,0.2523,5,0.2857,30,0.7143,1,0,0,0,0,0,1,37000
5090.53,0.2523,5,0.2857,30,0.7143,1,0,0,0,0,0,1,37000
5090.53,0.2523,5,0.2857,30,0.7143,1,0,0,0,0,0,1,41000
5090.53,0.2523,5,0.2857,29,0.5714,1,0,0,0,0,0,1,41000
5090.53,0.2523,5,0.2857,29,0.5714,0,0,0,0,0,0,1,40000
5090.53,0.2523,5,0.2857,30,0.7143,1,0,0,0,0,0,1,44000
5090.53,0.2523,5,0.2857,25,0.0000,1,0,0,0,0,0,1,33000
5090.53,0.2523,5,0.2857,25,0.0000,1,0,0,0,0,0,1,33000
5090.53,0.2523,5,0.2857,28,0.4286,1,0,0,0,0,0,1,37000
5090.53,0.2523,5,0.2857,30,0.7143,1,0,0,0,0,0,1,47000
5090.53,0.2523,5,0.2857,31,0.8571,1,0,0,0,0,0,1,38000
5090.53,0.2523,5,0.2857,31,0.8571,1,0,0,0,0,0,1,41000
5090.53,0.2523,5,0.2857,30,0.7143,0,0,0,0,0,0,1,43000
5090.53,0.2523,5,0.2857,30,0.7143,0,0,0,0,0,0,1,42000
5090.53,0.2523,5,0.2857,29,0.5714,1,0,0,0,0,0,1,44000
5090.53,0.2523,5,0.2857,29,0.5714,1,0,0,0,0,0,1,47000
5090.53,0.2523,5,0.2857,29,0.5714,1,0,0,0,0,0,1,44000
5090.53,0.2523,5,0.2857,29,0.5714,1,0,0,0,0,0,1,44000
5090.53,0.2523,5,0.2857,27,0.2857,1,0,0,0,0,0,1,38000
5090.53,0.2523,5,0.2857,26,0.1429,1,0,0,0,0,0,1,34000
5090.53,0.2523,5,0.2857,28,0.4286,1,0,0,0,0,0,1,38000
5090.53,0.2523,5,0.2857,30,0.7143,1,0,0,0,0,0,1,43000
5090.53,0.2523,5,0.2857,30,0.7143,1,0,0,0,0,0,1,41000
5090.53,0.2523,5,0.2857,31,0.8571,1,0,0,0,0,0,1,44000
5090.53,0.2523,5,0.2857,30,0.7143,0,0,0,0,0,0,1,43000
5090.53,0.2523,5,0.2857,30,0.7143,0,0,0,0,0,0,1,43000
5090.53,0.2523,5,0.2857,30,0.7143,1,0,0,0,0,0,1,43000
5090.53,0.2523,5,0.2857,29,0.5714,1,0,0,0,0,0,1,44000
5090.53,0.2523,5,0.2857,29,0.5714,1,0,0,0,0,0,1,46000
5090.53,0.2523,5,0.2857,29,0.5714,1,0,0,0,0,0,1,45000
5090.53,0.2523,5,0.2857,28,0.4286,1,0,0,0,0,0,1,41000
5090.53,0.2523,5,0.2857,27,0.2857,1,0,0,0,0,0,1,39000
5090.53,0.2523,5,0.2857,28,0.4286,1,0,0,0,0,0,1,39000
5090.53,0.2523,5,0.2857,31,0.8571,1,0,0,0,0,0,1,48000
5090.53,0.2523,5,0.2857,32,1.0000,1,0,0,0,0,0,1,44000
5090.53,0.2523,5,0.2857,32,1.0000,1,0,0,0,0,0,1,44000
5090.53,0.2523,5,0.2857,29,0.5714,0,0,0,0,0,0,1,45000
5090.53,0.2523,5,0.2857,29,0.5714,0,0,0,0,0,0,1,43000
5090.53,0.2523,5,0.2857,30,0.7143,1,0,0,0,0,0,1,44000
5090.53,0.2523,5,0.2857,29,0.5714,1,0,0,0,0,0,1,43000
5090.53,0.2523,5,0.2857,29,0.5714,1,0,0,0,0,0,1,41000
5090.53,0.2523,5,0.2857,29,0.5714,1,0,0,0,0,0,1,44000
5090.53,0.2523,5,0.2857,27,0.2857,1,0,0,0,0,0,1,39000
5090.53,0.2523,5,0.2857,27,0.2857,1,0,0,0,0,0,1,37000
5090.53,0.2523,5,0.2857,28,0.4286,1,0,0,0,0,0,1,38000
5090.53,0.2523,5,0.2857,30,0.7143,1,0,0,0,0,0,1,47000
5090.53,0.2523,5,0.2857,31,0.8571,1,0,0,0,0,0,1,40000
5090.53,0.2523,5,0.2857,30,0.7143,1,0,0,0,0,0,1,42000
5090.53,0.2523,5,0.2857,29,0.5714,0,0,0,0,0,0,1,42000
5090.53,0.2523,5,0.2857,29,0.5714,0,0,0,0,0,0,1,39000
5090.53,0.2523,5,0.2857,29,0.5714,1,0,0,0,0,0,1,42000
5090.53,0.2523,5,0.2857,29,0.5714,1,0,0,0,0,0,1,43000
5090.53,0.2523,5,0.2857,28,0.4286,1,0,0,0,0,0,1,35000
5090.53,0.2523,5,0.2857,28,0.4286,1,0,0,0,0,0,1,38000
5090.53,0.2523,5,0.2857,26,0.1429,1,0,0,0,0,0,1,37000
5090.53,0.2523,5,0.2857,27,0.2857,1,0,0,0,0,0,1,37065
5090.53,0.2523,5,0.2857,27,0.2857,1,0,0,0,0,0,1,30696
5090.53,0.2523,5,0.2857,29,0.5714,1,0,0,0,0,0,1,44000
5090.53,0.2523,5,0.2857,29,0.5714,1,0,0,0,0,0,1,37000