month,year,usage,area,area_normal,floor,floor_normal,avgTemp,avgTemp_normal,semester
1,2556,30000,5762.33,0.42,7,0.38,28,0.43,1
2,2556,28000,5762.33,0.42,7,0.38,30,0.71,1
3,2556,36000,5762.33,0.42,7,0.38,31,0.86,0
4,2556,30000,5762.33,0.42,7,0.38,32,1.00,0
5,2556,39000,5762.33,0.42,7,0.38,32,1.00,0
6,2556,31000,5762.33,0.42,7,0.38,30,0.71,1
7,2556,31000,5762.33,0.42,7,0.38,30,0.71,1
8,2556,34000,5762.33,0.42,7,0.38,30,0.71,1
9,2556,28000,5762.33,0.42,7,0.38,29,0.57,1
10,2556,30000,5762.33,0.42,7,0.38,29,0.57,0
11,2556,34000,5762.33,0.42,7,0.38,30,0.71,1
12,2556,26000,5762.33,0.42,7,0.38,25,0.00,1
1,2557,25000,5762.33,0.42,7,0.38,25,0.00,1
2,2557,28000,5762.33,0.42,7,0.38,28,0.43,1
3,2557,37000,5762.33,0.42,7,0.38,30,0.71,1
4,2557,39000,5762.33,0.42,7,0.38,31,0.86,1
5,2557,40000,5762.33,0.42,7,0.38,31,0.86,1
6,2557,39000,5762.33,0.42,7,0.38,30,0.71,0
7,2557,38000,5762.33,0.42,7,0.38,30,0.71,0
8,2557,38000,5762.33,0.42,7,0.38,29,0.57,1
9,2557,37000,5762.33,0.42,7,0.38,29,0.57,1
10,2557,33511,5762.33,0.42,7,0.38,29,0.57,1
11,2557,35000,5762.33,0.42,7,0.38,29,0.57,1
12,2557,29000,5762.33,0.42,7,0.38,27,0.29,1
1,2558,27000,5762.33,0.42,7,0.38,26,0.14,1
2,2558,30000,5762.33,0.42,7,0.38,28,0.43,1
3,2558,36000,5762.33,0.42,7,0.38,30,0.71,1
4,2558,34000,5762.33,0.42,7,0.38,30,0.71,1
5,2558,39000,5762.33,0.42,7,0.38,31,0.86,1
6,2558,34000,5762.33,0.42,7,0.38,30,0.71,0
7,2558,38000,5762.33,0.42,7,0.38,30,0.71,0
8,2558,33000,5762.33,0.42,7,0.38,30,0.71,1
9,2558,32000,5762.33,0.42,7,0.38,29,0.57,1
10,2558,33000,5762.33,0.42,7,0.38,29,0.57,1
11,2558,33000,5762.33,0.42,7,0.38,29,0.57,1
12,2558,31000,5762.33,0.42,7,0.38,28,0.43,1
1,2559,29000,5762.33,0.42,7,0.38,27,0.29,1
2,2559,29000,5762.33,0.42,7,0.38,28,0.43,1
3,2559,31000,5762.33,0.42,7,0.38,31,0.86,1
4,2559,29000,5762.33,0.42,7,0.38,32,1.00,1
5,2559,32000,5762.33,0.42,7,0.38,32,1.00,1
6,2559,34000,5762.33,0.42,7,0.38,29,0.57,0
7,2559,29000,5762.33,0.42,7,0.38,29,0.57,0
8,2559,31000,5762.33,0.42,7,0.38,30,0.71,1
9,2559,28000,5762.33,0.42,7,0.38,29,0.57,1
10,2559,24000,5762.33,0.42,7,0.38,29,0.57,1
11,2559,25000,5762.33,0.42,7,0.38,29,0.57,1
12,2559,22000,5762.33,0.42,7,0.38,27,0.29,1
1,2560,21000,5762.33,0.42,7,0.38,27,0.29,1
2,2560,21000,5762.33,0.42,7,0.38,28,0.43,1
3,2560,29000,5762.33,0.42,7,0.38,30,0.71,1
4,2560,25300,5762.33,0.42,7,0.38,31,0.86,1
5,2560,26700,5762.33,0.42,7,0.38,30,0.71,1
6,2560,26000,5762.33,0.42,7,0.38,29,0.57,0
7,2560,24000,5762.33,0.42,7,0.38,29,0.57,0
8,2560,26000,5762.33,0.42,7,0.38,29,0.57,1
9,2560,25000,5762.33,0.42,7,0.38,29,0.57,1
10,2560,22000,5762.33,0.42,7,0.38,28,0.43,1
11,2560,24000,5762.33,0.42,7,0.38,28,0.43,1
12,2560,21000,5762.33,0.42,7,0.38,26,0.14,1
1,2561,21000,5762.33,0.42,7,0.38,27,0.29,1
2,2561,20000,5762.33,0.42,7,0.38,27,0.29,1
3,2561,28000,5762.33,0.42,7,0.38,29,0.57,1
4,2561,24000,5762.33,0.42,7,0.38,29,0.57,1
9,2558,38000,2506.04,0.13,4,0.15,29,0.57,1
10,2558,34000,2506.04,0.13,4,0.15,29,0.57,1
11,2558,36000,2506.04,0.13,4,0.15,29,0.57,1
12,2558,36000,2506.04,0.13,4,0.15,28,0.43,1
1,2559,33000,2506.04,0.13,4,0.15,27,0.29,1
2,2559,32000,2506.04,0.13,4,0.15,28,0.43,1
3,2559,43000,2506.04,0.13,4,0.15,31,0.86,1
4,2559,41000,2506.04,0.13,4,0.15,32,1.00,1
5,2559,45000,2506.04,0.13,4,0.15,32,1.00,1
6,2559,38000,2506.04,0.13,4,0.15,29,0.57,0
7,2559,40000,2506.04,0.13,4,0.15,29,0.57,0
8,2559,39000,2506.04,0.13,4,0.15,30,0.71,1
9,2559,36000,2506.04,0.13,4,0.15,29,0.57,1
10,2559,37000,2506.04,0.13,4,0.15,29,0.57,1
11,2559,38000,2506.04,0.13,4,0.15,29,0.57,1
12,2559,34000,2506.04,0.13,4,0.15,27,0.29,1
1,2560,33000,2506.04,0.13,4,0.15,27,0.29,1
2,2560,36000,2506.04,0.13,4,0.15,28,0.43,1
3,2560,43000,2506.04,0.13,4,0.15,30,0.71,1
4,2560,42000,2506.04,0.13,4,0.15,31,0.86,1
5,2560,40000,2506.04,0.13,4,0.15,30,0.71,1
7,2560,34000,2506.04,0.13,4,0.15,29,0.57,0
8,2560,35000,2506.04,0.13,4,0.15,29,0.57,1
9,2560,35000,2506.04,0.13,4,0.15,29,0.57,1
10,2560,36000,2506.04,0.13,4,0.15,28,0.43,1
11,2560,35000,2506.04,0.13,4,0.15,28,0.43,1
12,2560,30000,2506.04,0.13,4,0.15,26,0.14,1
1,2561,32000,2506.04,0.13,4,0.15,27,0.29,1
2,2561,35000,2506.04,0.13,4,0.15,27,0.29,1
3,2561,40000,2506.04,0.13,4,0.15,29,0.57,1
4,2561,39000,2506.04,0.13,4,0.15,29,0.57,1
5,2561,38000,2506.04,0.13,4,0.15,29,0.57,1
6,2561,36000,2506.04,0.13,4,0.15,30,0.71,0
7,2561,36000,2506.04,0.13,4,0.15,29,0.57,0
8,2561,39000,2506.04,0.13,4,0.15,29,0.57,1
1,2556,12657,2123.23,0.10,3,0.08,28,0.43,1
2,2556,13258,2123.23,0.10,3,0.08,30,0.71,1
3,2556,10399,2123.23,0.10,3,0.08,31,0.86,0
4,2556,9948,2123.23,0.10,3,0.08,32,1.00,0
5,2556,11063,2123.23,0.10,3,0.08,32,1.00,0
6,2556,13225,2123.23,0.10,3,0.08,30,0.71,1
7,2556,13317,2123.23,0.10,3,0.08,30,0.71,1
8,2556,12896,2123.23,0.10,3,0.08,30,0.71,1
9,2556,11146,2123.23,0.10,3,0.08,29,0.57,1
10,2556,9778,2123.23,0.10,3,0.08,29,0.57,0
11,2556,11518,2123.23,0.10,3,0.08,30,0.71,1
12,2556,6850,2123.23,0.10,3,0.08,25,0.00,1
1,2557,7398,2123.23,0.10,3,0.08,25,0.00,1
2,2557,9552,2123.23,0.10,3,0.08,28,0.43,1
3,2557,10206,2123.23,0.10,3,0.08,30,0.71,1
4,2557,9131,2123.23,0.10,3,0.08,31,0.86,1
5,2557,9487,2123.23,0.10,3,0.08,31,0.86,1
6,2557,10706,2123.23,0.10,3,0.08,30,0.71,0
7,2557,11575,2123.23,0.10,3,0.08,30,0.71,0
8,2557,11958,2123.23,0.10,3,0.08,29,0.57,1
9,2557,14222,2123.23,0.10,3,0.08,29,0.57,1
10,2557,13118,2123.23,0.10,3,0.08,29,0.57,1
11,2557,12683,2123.23,0.10,3,0.08,29,0.57,1
12,2557,9605,2123.23,0.10,3,0.08,27,0.29,1
1,2558,8847,2123.23,0.10,3,0.08,26,0.14,1
2,2558,10855,2123.23,0.10,3,0.08,28,0.43,1
3,2558,14042,2123.23,0.10,3,0.08,30,0.71,1
4,2558,14659,2123.23,0.10,3,0.08,30,0.71,1
5,2558,15113,2123.23,0.10,3,0.08,31,0.86,1
6,2558,12525,2123.23,0.10,3,0.08,30,0.71,0
7,2558,11808,2123.23,0.10,3,0.08,30,0.71,0
8,2558,14588,2123.23,0.10,3,0.08,30,0.71,1
9,2558,14518,2123.23,0.10,3,0.08,29,0.57,1
10,2558,14185,2123.23,0.10,3,0.08,29,0.57,1
11,2558,15062,2123.23,0.10,3,0.08,29,0.57,1
12,2558,12183,2123.23,0.10,3,0.08,28,0.43,1
1,2559,11740,2123.23,0.10,3,0.08,27,0.29,1
2,2559,11517,2123.23,0.10,3,0.08,28,0.43,1
3,2559,16134,2123.23,0.10,3,0.08,31,0.86,1
4,2559,17780,2123.23,0.10,3,0.08,32,1.00,1
5,2559,14118,2123.23,0.10,3,0.08,32,1.00,1
6,2559,12128,2123.23,0.10,3,0.08,29,0.57,0
7,2559,11662,2123.23,0.10,3,0.08,29,0.57,0
8,2559,15423,2123.23,0.10,3,0.08,30,0.71,1
9,2559,15820,2123.23,0.10,3,0.08,29,0.57,1
10,2559,14841,2123.23,0.10,3,0.08,29,0.57,1
11,2559,15733,2123.23,0.10,3,0.08,29,0.57,1
12,2559,12173,2123.23,0.10,3,0.08,27,0.29,1
1,2560,13021,2123.23,0.10,3,0.08,27,0.29,1
2,2560,12246,2123.23,0.10,3,0.08,28,0.43,1
3,2560,15235,2123.23,0.10,3,0.08,30,0.71,1
4,2560,14134,2123.23,0.10,3,0.08,31,0.86,1
5,2560,14119,2123.23,0.10,3,0.08,30,0.71,1
6,2560,14119,2123.23,0.10,3,0.08,29,0.57,0
7,2560,15645,2123.23,0.10,3,0.08,29,0.57,0
8,2560,17008,2123.23,0.10,3,0.08,29,0.57,1
9,2560,15536,2123.23,0.10,3,0.08,29,0.57,1
10,2560,14215,2123.23,0.10,3,0.08,28,0.43,1
11,2560,14730,2123.23,0.10,3,0.08,28,0.43,1
12,2560,14730,2123.23,0.10,3,0.08,26,0.14,1
1,2561,11302,2123.23,0.10,3,0.08,27,0.29,1
2,2561,12265,2123.23,0.10,3,0.08,27,0.29,1
3,2561,16433,2123.23,0.10,3,0.08,29,0.57,1
4,2561,14261,2123.23,0.10,3,0.08,29,0.57,1
5,2561,14711,2123.23,0.10,3,0.08,29,0.57,1
6,2561,12232,2123.23,0.10,3,0.08,30,0.71,0
7,2561,12672,2123.23,0.10,3,0.08,29,0.57,0
8,2561,12873,2123.23,0.10,3,0.08,29,0.57,1
9,2561,13013,2123.23,0.10,3,0.08,29,0.57,1
10,2561,13767,2123.23,0.10,3,0.08,29,0.57,1
11,2561,14257,2123.23,0.10,3,0.08,29,0.57,1
12,2561,10596,2123.23,0.10,3,0.08,28,0.43,1
1,2556,115460,12368.47,1.00,15,1.00,28,0.43,1
2,2556,106080,12368.47,1.00,15,1.00,30,0.71,1
3,2556,108040,12368.47,1.00,15,1.00,31,0.86,0
4,2556,127600,12368.47,1.00,15,1.00,32,1.00,0
5,2556,112580,12368.47,1.00,15,1.00,32,1.00,0
6,2556,104220,12368.47,1.00,15,1.00,30,0.71,1
7,2556,100480,12368.47,1.00,15,1.00,30,0.71,1
8,2556,120560,12368.47,1.00,15,1.00,30,0.71,1
9,2556,112940,12368.47,1.00,15,1.00,29,0.57,1
10,2556,129280,12368.47,1.00,15,1.00,29,0.57,0
11,2556,94620,12368.47,1.00,15,1.00,30,0.71,1
12,2556,82400,12368.47,1.00,15,1.00,25,0.00,1
1,2557,63760,12368.47,1.00,15,1.00,25,0.00,1
2,2557,81580,12368.47,1.00,15,1.00,28,0.43,1
3,2557,109180,12368.47,1.00,15,1.00,30,0.71,1
4,2557,93000,12368.47,1.00,15,1.00,31,0.86,1
5,2557,92520,12368.47,1.00,15,1.00,31,0.86,1
6,2557,123260,12368.47,1.00,15,1.00,30,0.71,0
7,2557,84820,12368.47,1.00,15,1.00,30,0.71,0
8,2557,96860,12368.47,1.00,15,1.00,29,0.57,1
9,2557,114480,12368.47,1.00,15,1.00,29,0.57,1
10,2557,86280,12368.47,1.00,15,1.00,29,0.57,1
11,2557,89340,12368.47,1.00,15,1.00,29,0.57,1
12,2557,79960,12368.47,1.00,15,1.00,27,0.29,1
1,2558,71320,12368.47,1.00,15,1.00,26,0.14,1
2,2558,98840,12368.47,1.00,15,1.00,28,0.43,1
3,2558,95520,12368.47,1.00,15,1.00,30,0.71,1
4,2558,90140,12368.47,1.00,15,1.00,30,0.71,1
5,2558,85900,12368.47,1.00,15,1.00,31,0.86,1
6,2558,101180,12368.47,1.00,15,1.00,30,0.71,0
7,2558,86780,12368.47,1.00,15,1.00,30,0.71,0
8,2558,94570,12368.47,1.00,15,1.00,30,0.71,1
9,2558,102630,12368.47,1.00,15,1.00,29,0.57,1
10,2558,80900,12368.47,1.00,15,1.00,29,0.57,1
11,2558,92030,12368.47,1.00,15,1.00,29,0.57,1
12,2558,91940,12368.47,1.00,15,1.00,28,0.43,1
1,2559,86788,12368.47,1.00,15,1.00,27,0.29,1
2,2559,68865,12368.47,1.00,15,1.00,28,0.43,1
3,2559,122633,12368.47,1.00,15,1.00,31,0.86,1
4,2559,110063,12368.47,1.00,15,1.00,32,1.00,1
5,2559,95565,12368.47,1.00,15,1.00,32,1.00,1
6,2559,97844,12368.47,1.00,15,1.00,29,0.57,0
7,2559,96932,12368.47,1.00,15,1.00,29,0.57,0
8,2559,89633,12368.47,1.00,15,1.00,30,0.71,1
9,2559,100376,12368.47,1.00,15,1.00,29,0.57,1
10,2559,81816,12368.47,1.00,15,1.00,29,0.57,1
11,2559,73511,12368.47,1.00,15,1.00,29,0.57,1
12,2559,93703,12368.47,1.00,15,1.00,27,0.29,1
1,2560,89469,12368.47,1.00,15,1.00,27,0.29,1
2,2560,85273,12368.47,1.00,15,1.00,28,0.43,1
3,2560,96734,12368.47,1.00,15,1.00,30,0.71,1
4,2560,106117,12368.47,1.00,15,1.00,31,0.86,1
5,2560,95872,12368.47,1.00,15,1.00,30,0.71,1
6,2560,91885,12368.47,1.00,15,1.00,29,0.57,0
7,2560,86950,12368.47,1.00,15,1.00,29,0.57,0
8,2560,110829,12368.47,1.00,15,1.00,29,0.57,1
9,2560,88445,12368.47,1.00,15,1.00,29,0.57,1
10,2560,107192,12368.47,1.00,15,1.00,28,0.43,1
11,2560,91458,12368.47,1.00,15,1.00,28,0.43,1
12,2560,75023,12368.47,1.00,15,1.00,26,0.14,1
1,2561,76131,12368.47,1.00,15,1.00,27,0.29,1
2,2561,83081,12368.47,1.00,15,1.00,27,0.29,1
3,2561,93292,12368.47,1.00,15,1.00,29,0.57,1
4,2561,79160,12368.47,1.00,15,1.00,29,0.57,1
5,2561,100369,12368.47,1.00,15,1.00,29,0.57,1
6,2561,76637,12368.47,1.00,15,1.00,30,0.71,0
7,2561,95516,12368.47,1.00,15,1.00,29,0.57,0
8,2561,87971,12368.47,1.00,15,1.00,29,0.57,1
9,2561,74819,12368.47,1.00,15,1.00,29,0.57,1
10,2561,82444,12368.47,1.00,15,1.00,29,0.57,1
11,2561,89823,12368.47,1.00,15,1.00,29,0.57,1
12,2561,72869,12368.47,1.00,15,1.00,28,0.43,1
1,2556,107000,7274.89,0.55,7,0.38,28,0.43,1
2,2556,112000,7274.89,0.55,7,0.38,30,0.71,1
3,2556,118000,7274.89,0.55,7,0.38,31,0.86,0
4,2556,116000,7274.89,0.55,7,0.38,32,1.00,0
5,2556,124000,7274.89,0.55,7,0.38,32,1.00,0
6,2556,113000,7274.89,0.55,7,0.38,30,0.71,1
7,2556,111000,7274.89,0.55,7,0.38,30,0.71,1
8,2556,121000,7274.89,0.55,7,0.38,30,0.71,1
9,2556,108000,7274.89,0.55,7,0.38,29,0.57,1
10,2556,107000,7274.89,0.55,7,0.38,29,0.57,0
11,2556,112000,7274.89,0.55,7,0.38,30,0.71,1
12,2556,97399,7274.89,0.55,7,0.38,25,0.00,1
1,2557,84000,7274.89,0.55,7,0.38,25,0.00,1
2,2557,101000,7274.89,0.55,7,0.38,28,0.43,1
3,2557,121000,7274.89,0.55,7,0.38,30,0.71,1
4,2557,109000,7274.89,0.55,7,0.38,31,0.86,1
5,2557,118000,7274.89,0.55,7,0.38,31,0.86,1
6,2557,116000,7274.89,0.55,7,0.38,30,0.71,0
7,2557,107000,7274.89,0.55,7,0.38,30,0.71,0
8,2557,112000,7274.89,0.55,7,0.38,29,0.57,1
9,2557,109000,7274.89,0.55,7,0.38,29,0.57,1
10,2557,111000,7274.89,0.55,7,0.38,29,0.57,1
11,2557,105000,7274.89,0.55,7,0.38,29,0.57,1
12,2557,89000,7274.89,0.55,7,0.38,27,0.29,1
1,2558,86000,7274.89,0.55,7,0.38,26,0.14,1
2,2558,89000,7274.89,0.55,7,0.38,28,0.43,1
3,2558,108000,7274.89,0.55,7,0.38,30,0.71,1
4,2558,104000,7274.89,0.55,7,0.38,30,0.71,1
5,2558,118000,7274.89,0.55,7,0.38,31,0.86,1
6,2558,103000,7274.89,0.55,7,0.38,30,0.71,0
7,2558,110000,7274.89,0.55,7,0.38,30,0.71,0
8,2558,40000,7274.89,0.55,7,0.38,30,0.71,1
9,2558,41000,7274.89,0.55,7,0.38,29,0.57,1
10,2558,40000,7274.89,0.55,7,0.38,29,0.57,1
11,2558,41000,7274.89,0.55,7,0.38,29,0.57,1
12,2558,32000,7274.89,0.55,7,0.38,28,0.43,1
1,2559,32000,7274.89,0.55,7,0.38,27,0.29,1
2,2559,35000,7274.89,0.55,7,0.38,28,0.43,1
3,2559,43000,7274.89,0.55,7,0.38,31,0.86,1
4,2559,39000,7274.89,0.55,7,0.38,32,1.00,1
5,2559,40000,7274.89,0.55,7,0.38,32,1.00,1
6,2559,36000,7274.89,0.55,7,0.38,29,0.57,0
7,2559,32000,7274.89,0.55,7,0.38,29,0.57,0
8,2559,40000,7274.89,0.55,7,0.38,30,0.71,1
9,2559,39000,7274.89,0.55,7,0.38,29,0.57,1
10,2559,38000,7274.89,0.55,7,0.38,29,0.57,1
11,2559,37000,7274.89,0.55,7,0.38,29,0.57,1
12,2559,28000,7274.89,0.55,7,0.38,27,0.29,1
1,2560,93000,7274.89,0.55,7,0.38,27,0.29,1
2,2560,94000,7274.89,0.55,7,0.38,28,0.43,1
3,2560,116000,7274.89,0.55,7,0.38,30,0.71,1
4,2560,110000,7274.89,0.55,7,0.38,31,0.86,1
5,2560,115000,7274.89,0.55,7,0.38,30,0.71,1
6,2560,115000,7274.89,0.55,7,0.38,29,0.57,0
7,2560,98000,7274.89,0.55,7,0.38,29,0.57,0
8,2560,106000,7274.89,0.55,7,0.38,29,0.57,1
9,2560,110000,7274.89,0.55,7,0.38,29,0.57,1
10,2560,98000,7274.89,0.55,7,0.38,28,0.43,1
11,2560,102000,7274.89,0.55,7,0.38,28,0.43,1
12,2560,102000,7274.89,0.55,7,0.38,26,0.14,1
1,2561,92000,7274.89,0.55,7,0.38,27,0.29,1
2,2561,94000,7274.89,0.55,7,0.38,27,0.29,1
3,2561,112000,7274.89,0.55,7,0.38,29,0.57,1
4,2561,105000,7274.89,0.55,7,0.38,29,0.57,1
5,2561,110000,7274.89,0.55,7,0.38,29,0.57,1
6,2561,103000,7274.89,0.55,7,0.38,30,0.71,0
7,2561,101000,7274.89,0.55,7,0.38,29,0.57,0
8,2561,109000,7274.89,0.55,7,0.38,29,0.57,1
9,2561,111000,7274.89,0.55,7,0.38,29,0.57,1
10,2561,108000,7274.89,0.55,7,0.38,29,0.57,1
11,2561,107000,7274.89,0.55,7,0.38,29,0.57,1
12,2561,100000,7274.89,0.55,7,0.38,28,0.43,1
1,2556,9180,3114.01,0.19,3,0.08,28,0.43,1
2,2556,9120,3114.01,0.19,3,0.08,30,0.71,1
3,2556,10860,3114.01,0.19,3,0.08,31,0.86,0
4,2556,6180,3114.01,0.19,3,0.08,32,1.00,0
5,2556,7080,3114.01,0.19,3,0.08,32,1.00,0
6,2556,11880,3114.01,0.19,3,0.08,30,0.71,1
7,2556,9360,3114.01,0.19,3,0.08,30,0.71,1
8,2556,10980,3114.01,0.19,3,0.08,30,0.71,1
9,2556,8940,3114.01,0.19,3,0.08,29,0.57,1
10,2556,8460,3114.01,0.19,3,0.08,29,0.57,0
11,2556,6300,3114.01,0.19,3,0.08,30,0.71,1
12,2556,3780,3114.01,0.19,3,0.08,25,0.00,1
6,2557,2400,3114.01,0.19,3,0.08,30,0.71,0
7,2557,2340,3114.01,0.19,3,0.08,30,0.71,0
8,2557,3480,3114.01,0.19,3,0.08,29,0.57,1
9,2557,3300,3114.01,0.19,3,0.08,29,0.57,1
10,2557,3660,3114.01,0.19,3,0.08,29,0.57,1
11,2557,3600,3114.01,0.19,3,0.08,29,0.57,1
12,2557,2040,3114.01,0.19,3,0.08,27,0.29,1
1,2558,2640,3114.01,0.19,3,0.08,26,0.14,1
2,2558,3540,3114.01,0.19,3,0.08,28,0.43,1
3,2558,3240,3114.01,0.19,3,0.08,30,0.71,1
4,2558,3420,3114.01,0.19,3,0.08,30,0.71,1
5,2558,3240,3114.01,0.19,3,0.08,31,0.86,1
6,2558,3000,3114.01,0.19,3,0.08,30,0.71,0
7,2558,3120,3114.01,0.19,3,0.08,30,0.71,0
8,2558,40751,3114.01,0.19,3,0.08,30,0.71,1
9,2558,42167,3114.01,0.19,3,0.08,29,0.57,1
10,2558,38112,3114.01,0.19,3,0.08,29,0.57,1
11,2558,43350,3114.01,0.19,3,0.08,29,0.57,1
12,2558,31377,3114.01,0.19,3,0.08,28,0.43,1
1,2559,39632,3114.01,0.19,3,0.08,27,0.29,1
2,2559,35593,3114.01,0.19,3,0.08,28,0.43,1
3,2559,55040,3114.01,0.19,3,0.08,31,0.86,1
4,2559,48440,3114.01,0.19,3,0.08,32,1.00,1
5,2559,46725,3114.01,0.19,3,0.08,32,1.00,1
6,2559,39339,3114.01,0.19,3,0.08,29,0.57,0
7,2559,36996,3114.01,0.19,3,0.08,29,0.57,0
8,2559,45921,3114.01,0.19,3,0.08,30,0.71,1
9,2559,42352,3114.01,0.19,3,0.08,29,0.57,1
10,2559,44634,3114.01,0.19,3,0.08,29,0.57,1
11,2559,37430,3114.01,0.19,3,0.08,29,0.57,1
12,2559,29769,3114.01,0.19,3,0.08,27,0.29,1
1,2560,3840,3114.01,0.19,3,0.08,27,0.29,1
2,2560,3180,3114.01,0.19,3,0.08,28,0.43,1
3,2560,3900,3114.01,0.19,3,0.08,30,0.71,1
4,2560,4080,3114.01,0.19,3,0.08,31,0.86,1
5,2560,2640,3114.01,0.19,3,0.08,30,0.71,1
6,2560,2640,3114.01,0.19,3,0.08,29,0.57,0
7,2560,2580,3114.01,0.19,3,0.08,29,0.57,0
8,2560,2580,3114.01,0.19,3,0.08,29,0.57,1
9,2560,3600,3114.01,0.19,3,0.08,29,0.57,1
10,2560,3420,3114.01,0.19,3,0.08,28,0.43,1
11,2560,3540,3114.01,0.19,3,0.08,28,0.43,1
12,2560,2220,3114.01,0.19,3,0.08,26,0.14,1
1,2561,3300,3114.01,0.19,3,0.08,27,0.29,1
2,2561,3480,3114.01,0.19,3,0.08,27,0.29,1
3,2561,4140,3114.01,0.19,3,0.08,29,0.57,1
4,2561,3900,3114.01,0.19,3,0.08,29,0.57,1
5,2561,2880,3114.01,0.19,3,0.08,29,0.57,1
6,2561,3420,3114.01,0.19,3,0.08,30,0.71,0
7,2561,3540,3114.01,0.19,3,0.08,29,0.57,0
8,2561,1980,3114.01,0.19,3,0.08,29,0.57,1
9,2561,2880,3114.01,0.19,3,0.08,29,0.57,1
10,2561,3060,3114.01,0.19,3,0.08,29,0.57,1
11,2561,3180,3114.01,0.19,3,0.08,29,0.57,1
12,2561,1860,3114.01,0.19,3,0.08,28,0.43,1
1,2556,4868,981.88,0.00,4,0.15,28,0.43,1
2,2556,5263,981.88,0.00,4,0.15,30,0.71,1
3,2556,6330,981.88,0.00,4,0.15,31,0.86,0
4,2556,5344,981.88,0.00,4,0.15,32,1.00,0
5,2556,5509,981.88,0.00,4,0.15,32,1.00,0
6,2556,4973,981.88,0.00,4,0.15,30,0.71,1
7,2556,5435,981.88,0.00,4,0.15,30,0.71,1
8,2556,5918,981.88,0.00,4,0.15,30,0.71,1
9,2556,5869,981.88,0.00,4,0.15,29,0.57,1
10,2556,5524,981.88,0.00,4,0.15,29,0.57,0
11,2556,5921,981.88,0.00,4,0.15,30,0.71,1
12,2556,4414,981.88,0.00,4,0.15,25,0.00,1
1,2557,5286,981.88,0.00,4,0.15,25,0.00,1
2,2557,4754,981.88,0.00,4,0.15,28,0.43,1
3,2557,5419,981.88,0.00,4,0.15,30,0.71,1
4,2557,4675,981.88,0.00,4,0.15,31,0.86,1
5,2557,6285,981.88,0.00,4,0.15,31,0.86,1
6,2557,5150,981.88,0.00,4,0.15,30,0.71,0
7,2557,5315,981.88,0.00,4,0.15,30,0.71,0
8,2557,6055,981.88,0.00,4,0.15,29,0.57,1
9,2557,6601,981.88,0.00,4,0.15,29,0.57,1
10,2557,6955,981.88,0.00,4,0.15,29,0.57,1
11,2557,7151,981.88,0.00,4,0.15,29,0.57,1
12,2557,5544,981.88,0.00,4,0.15,27,0.29,1
1,2558,4634,981.88,0.00,4,0.15,26,0.14,1
2,2558,5279,981.88,0.00,4,0.15,28,0.43,1
3,2558,6753,981.88,0.00,4,0.15,30,0.71,1
4,2558,7820,981.88,0.00,4,0.15,30,0.71,1
5,2558,6422,981.88,0.00,4,0.15,31,0.86,1
6,2558,5687,981.88,0.00,4,0.15,30,0.71,0
7,2558,6680,981.88,0.00,4,0.15,30,0.71,0
8,2558,6929,981.88,0.00,4,0.15,30,0.71,1
9,2558,7600,981.88,0.00,4,0.15,29,0.57,1
10,2558,6609,981.88,0.00,4,0.15,29,0.57,1
11,2558,7958,981.88,0.00,4,0.15,29,0.57,1
12,2558,7187,981.88,0.00,4,0.15,28,0.43,1
1,2559,7368,981.88,0.00,4,0.15,27,0.29,1
2,2559,6812,981.88,0.00,4,0.15,28,0.43,1
3,2559,8844,981.88,0.00,4,0.15,31,0.86,1
4,2559,9286,981.88,0.00,4,0.15,32,1.00,1
5,2559,11036,981.88,0.00,4,0.15,32,1.00,1
6,2559,7985,981.88,0.00,4,0.15,29,0.57,0
7,2559,7314,981.88,0.00,4,0.15,29,0.57,0
8,2559,7620,981.88,0.00,4,0.15,30,0.71,1
9,2559,7753,981.88,0.00,4,0.15,29,0.57,1
10,2559,8580,981.88,0.00,4,0.15,29,0.57,1
11,2559,7936,981.88,0.00,4,0.15,29,0.57,1
12,2559,8266,981.88,0.00,4,0.15,27,0.29,1
1,2560,7085,981.88,0.00,4,0.15,27,0.29,1
2,2560,7544,981.88,0.00,4,0.15,28,0.43,1
3,2560,10244,981.88,0.00,4,0.15,30,0.71,1
4,2560,8332,981.88,0.00,4,0.15,31,0.86,1
5,2560,9066,981.88,0.00,4,0.15,30,0.71,1
6,2560,9066,981.88,0.00,4,0.15,29,0.57,0
7,2560,5666,981.88,0.00,4,0.15,29,0.57,0
8,2560,4260,981.88,0.00,4,0.15,29,0.57,1
9,2560,3464,981.88,0.00,4,0.15,29,0.57,1
10,2560,2243,981.88,0.00,4,0.15,28,0.43,1
11,2560,2511,981.88,0.00,4,0.15,28,0.43,1
12,2560,2511,981.88,0.00,4,0.15,26,0.14,1
1,2561,1559,981.88,0.00,4,0.15,27,0.29,1
2,2561,1764,981.88,0.00,4,0.15,27,0.29,1
3,2561,2255,981.88,0.00,4,0.15,29,0.57,1
4,2561,1989,981.88,0.00,4,0.15,29,0.57,1
5,2561,2391,981.88,0.00,4,0.15,29,0.57,1
6,2561,2451,981.88,0.00,4,0.15,30,0.71,0
7,2561,2469,981.88,0.00,4,0.15,29,0.57,0
8,2561,2469,981.88,0.00,4,0.15,29,0.57,1
9,2561,2249,981.88,0.00,4,0.15,29,0.57,1
10,2561,2269,981.88,0.00,4,0.15,29,0.57,1
11,2561,2555,981.88,0.00,4,0.15,29,0.57,1
12,2561,2507,981.88,0.00,4,0.15,28,0.43,1
1,2556,34400,7330.71,0.56,2,0.00,28,0.43,1
2,2556,30320,7330.71,0.56,2,0.00,30,0.71,1
3,2556,25360,7330.71,0.56,2,0.00,31,0.86,0
4,2556,45040,7330.71,0.56,2,0.00,32,1.00,0
5,2556,36400,7330.71,0.56,2,0.00,32,1.00,0
6,2556,39360,7330.71,0.56,2,0.00,30,0.71,1
7,2556,32080,7330.71,0.56,2,0.00,30,0.71,1
8,2556,36880,7330.71,0.56,2,0.00,30,0.71,1
9,2556,30240,7330.71,0.56,2,0.00,29,0.57,1
10,2556,29840,7330.71,0.56,2,0.00,29,0.57,0
11,2556,29520,7330.71,0.56,2,0.00,30,0.71,1
12,2556,18480,7330.71,0.56,2,0.00,25,0.00,1
1,2557,30720,7330.71,0.56,2,0.00,25,0.00,1
2,2557,32000,7330.71,0.56,2,0.00,28,0.43,1
3,2557,32480,7330.71,0.56,2,0.00,30,0.71,1
4,2557,39520,7330.71,0.56,2,0.00,31,0.86,1
5,2557,34000,7330.71,0.56,2,0.00,31,0.86,1
6,2557,40960,7330.71,0.56,2,0.00,30,0.71,0
7,2557,36400,7330.71,0.56,2,0.00,30,0.71,0
8,2557,36480,7330.71,0.56,2,0.00,29,0.57,1
9,2557,36080,7330.71,0.56,2,0.00,29,0.57,1
10,2557,34720,7330.71,0.56,2,0.00,29,0.57,1
11,2557,33920,7330.71,0.56,2,0.00,29,0.57,1
12,2557,29120,7330.71,0.56,2,0.00,27,0.29,1
1,2558,29040,7330.71,0.56,2,0.00,26,0.14,1
2,2558,28160,7330.71,0.56,2,0.00,28,0.43,1
3,2558,33680,7330.71,0.56,2,0.00,30,0.71,1
4,2558,34240,7330.71,0.56,2,0.00,30,0.71,1
5,2558,32240,7330.71,0.56,2,0.00,31,0.86,1
6,2558,39840,7330.71,0.56,2,0.00,30,0.71,0
7,2558,37120,7330.71,0.56,2,0.00,30,0.71,0
8,2558,73920,7330.71,0.56,2,0.00,30,0.71,1
9,2558,109840,7330.71,0.56,2,0.00,29,0.57,1
10,2558,91840,7330.71,0.56,2,0.00,29,0.57,1
11,2558,91680,7330.71,0.56,2,0.00,29,0.57,1
12,2558,65920,7330.71,0.56,2,0.00,28,0.43,1
1,2559,81920,7330.71,0.56,2,0.00,27,0.29,1
2,2559,76480,7330.71,0.56,2,0.00,28,0.43,1
3,2559,106640,7330.71,0.56,2,0.00,31,0.86,1
4,2559,90480,7330.71,0.56,2,0.00,32,1.00,1
5,2559,82640,7330.71,0.56,2,0.00,32,1.00,1
6,2559,68080,7330.71,0.56,2,0.00,29,0.57,0
7,2559,78720,7330.71,0.56,2,0.00,29,0.57,0
8,2559,50480,7330.71,0.56,2,0.00,30,0.71,1
9,2559,130960,7330.71,0.56,2,0.00,29,0.57,1
10,2559,79920,7330.71,0.56,2,0.00,29,0.57,1
11,2559,82000,7330.71,0.56,2,0.00,29,0.57,1
12,2559,56960,7330.71,0.56,2,0.00,27,0.29,1
1,2560,31360,7330.71,0.56,2,0.00,27,0.29,1
2,2560,30400,7330.71,0.56,2,0.00,28,0.43,1
3,2560,31360,7330.71,0.56,2,0.00,30,0.71,1
4,2560,46640,7330.71,0.56,2,0.00,31,0.86,1
5,2560,8480,7330.71,0.56,2,0.00,30,0.71,1
6,2560,10880,7330.71,0.56,2,0.00,29,0.57,0
7,2560,9600,7330.71,0.56,2,0.00,29,0.57,0
8,2560,13600,7330.71,0.56,2,0.00,29,0.57,1
9,2560,13200,7330.71,0.56,2,0.00,29,0.57,1
10,2560,8648,7330.71,0.56,2,0.00,28,0.43,1
11,2560,9320,7330.71,0.56,2,0.00,28,0.43,1
12,2560,6464,7330.71,0.56,2,0.00,26,0.14,1
1,2561,8608,7330.71,0.56,2,0.00,27,0.29,1
2,2561,14400,7330.71,0.56,2,0.00,27,0.29,1
3,2561,16376,7330.71,0.56,2,0.00,29,0.57,1
4,2561,15360,7330.71,0.56,2,0.00,29,0.57,1
5,2561,9896,7330.71,0.56,2,0.00,29,0.57,1
6,2561,12872,7330.71,0.56,2,0.00,30,0.71,0
7,2561,13560,7330.71,0.56,2,0.00,29,0.57,0
8,2561,11592,7330.71,0.56,2,0.00,29,0.57,1
9,2561,12152,7330.71,0.56,2,0.00,29,0.57,1
10,2561,15720,7330.71,0.56,2,0.00,29,0.57,1
11,2561,16192,7330.71,0.56,2,0.00,29,0.57,1
12,2561,7736,7330.71,0.56,2,0.00,28,0.43,1
1,2556,157000,10029.91,0.79,5,0.23,28,0.43,1
2,2556,168000,10029.91,0.79,5,0.23,30,0.71,1
3,2556,174000,10029.91,0.79,5,0.23,31,0.86,0
4,2556,157000,10029.91,0.79,5,0.23,32,1.00,0
5,2556,158000,10029.91,0.79,5,0.23,32,1.00,0
6,2556,144000,10029.91,0.79,5,0.23,30,0.71,1
7,2556,134000,10029.91,0.79,5,0.23,30,0.71,1
8,2556,142000,10029.91,0.79,5,0.23,30,0.71,1
9,2556,127000,10029.91,0.79,5,0.23,29,0.57,1
10,2556,112000,10029.91,0.79,5,0.23,29,0.57,0
11,2556,128000,10029.91,0.79,5,0.23,30,0.71,1
12,2556,82000,10029.91,0.79,5,0.23,25,0.00,1
1,2557,76000,10029.91,0.79,5,0.23,25,0.00,1
2,2557,102000,10029.91,0.79,5,0.23,28,0.43,1
3,2557,123000,10029.91,0.79,5,0.23,30,0.71,1
4,2557,113000,10029.91,0.79,5,0.23,31,0.86,1
5,2557,113000,10029.91,0.79,5,0.23,31,0.86,1
6,2557,112000,10029.91,0.79,5,0.23,30,0.71,0
7,2557,112000,10029.91,0.79,5,0.23,30,0.71,0
8,2557,122000,10029.91,0.79,5,0.23,29,0.57,1
9,2557,124000,10029.91,0.79,5,0.23,29,0.57,1
10,2557,122000,10029.91,0.79,5,0.23,29,0.57,1
11,2557,117000,10029.91,0.79,5,0.23,29,0.57,1
12,2557,84000,10029.91,0.79,5,0.23,27,0.29,1
1,2558,89000,10029.91,0.79,5,0.23,26,0.14,1
2,2558,104000,10029.91,0.79,5,0.23,28,0.43,1
3,2558,120000,10029.91,0.79,5,0.23,30,0.71,1
4,2558,122000,10029.91,0.79,5,0.23,30,0.71,1
5,2558,120000,10029.91,0.79,5,0.23,31,0.86,1
6,2558,111000,10029.91,0.79,5,0.23,30,0.71,0
7,2558,121000,10029.91,0.79,5,0.23,30,0.71,0
8,2558,102000,10029.91,0.79,5,0.23,30,0.71,1
9,2558,103000,10029.91,0.79,5,0.23,29,0.57,1
10,2558,107000,10029.91,0.79,5,0.23,29,0.57,1
11,2558,108000,10029.91,0.79,5,0.23,29,0.57,1
12,2558,95000,10029.91,0.79,5,0.23,28,0.43,1
1,2559,97000,10029.91,0.79,5,0.23,27,0.29,1
2,2559,96000,10029.91,0.79,5,0.23,28,0.43,1
3,2559,119000,10029.91,0.79,5,0.23,31,0.86,1
4,2559,121000,10029.91,0.79,5,0.23,32,1.00,1
5,2559,118000,10029.91,0.79,5,0.23,32,1.00,1
6,2559,105000,10029.91,0.79,5,0.23,29,0.57,0
7,2559,106000,10029.91,0.79,5,0.23,29,0.57,0
8,2559,113000,10029.91,0.79,5,0.23,30,0.71,1
9,2559,108000,10029.91,0.79,5,0.23,29,0.57,1
10,2559,107000,10029.91,0.79,5,0.23,29,0.57,1
11,2559,107000,10029.91,0.79,5,0.23,29,0.57,1
12,2559,88000,10029.91,0.79,5,0.23,27,0.29,1
1,2560,84000,10029.91,0.79,5,0.23,27,0.29,1
2,2560,104000,10029.91,0.79,5,0.23,28,0.43,1
3,2560,142000,10029.91,0.79,5,0.23,30,0.71,1
4,2560,131000,10029.91,0.79,5,0.23,31,0.86,1
5,2560,120000,10029.91,0.79,5,0.23,30,0.71,1
6,2560,120000,10029.91,0.79,5,0.23,29,0.57,0
7,2560,108000,10029.91,0.79,5,0.23,29,0.57,0
8,2560,120000,10029.91,0.79,5,0.23,29,0.57,1
9,2560,136000,10029.91,0.79,5,0.23,29,0.57,1
10,2560,109000,10029.91,0.79,5,0.23,28,0.43,1
11,2560,112000,10029.91,0.79,5,0.23,28,0.43,1
12,2560,112000,10029.91,0.79,5,0.23,26,0.14,1
1,2561,96000,10029.91,0.79,5,0.23,27,0.29,1
2,2561,106000,10029.91,0.79,5,0.23,27,0.29,1
3,2561,137000,10029.91,0.79,5,0.23,29,0.57,1
4,2561,120000,10029.91,0.79,5,0.23,29,0.57,1
5,2561,120000,10029.91,0.79,5,0.23,29,0.57,1
6,2561,120000,10029.91,0.79,5,0.23,30,0.71,0
7,2561,106000,10029.91,0.79,5,0.23,29,0.57,0
8,2561,119000,10029.91,0.79,5,0.23,29,0.57,1
9,2561,132000,10029.91,0.79,5,0.23,29,0.57,1
10,2561,123000,10029.91,0.79,5,0.23,29,0.57,1
11,2561,131000,10029.91,0.79,5,0.23,29,0.57,1
12,2561,106000,10029.91,0.79,5,0.23,28,0.43,1
1,2556,80000,10996.18,0.88,4,0.15,28,0.43,1
2,2556,80000,10996.18,0.88,4,0.15,30,0.71,1
3,2556,85000,10996.18,0.88,4,0.15,31,0.86,0
4,2556,72000,10996.18,0.88,4,0.15,32,1.00,0
5,2556,81000,10996.18,0.88,4,0.15,32,1.00,0
6,2556,82000,10996.18,0.88,4,0.15,30,0.71,1
7,2556,82694,10996.18,0.88,4,0.15,30,0.71,1
8,2556,73000,10996.18,0.88,4,0.15,30,0.71,1
9,2556,73000,10996.18,0.88,4,0.15,29,0.57,1
10,2556,67000,10996.18,0.88,4,0.15,29,0.57,0
11,2556,75000,10996.18,0.88,4,0.15,30,0.71,1
12,2556,56000,10996.18,0.88,4,0.15,25,0.00,1
1,2557,53000,10996.18,0.88,4,0.15,25,0.00,1
2,2557,62000,10996.18,0.88,4,0.15,28,0.43,1
3,2557,75000,10996.18,0.88,4,0.15,30,0.71,1
4,2557,74000,10996.18,0.88,4,0.15,31,0.86,1
5,2557,83000,10996.18,0.88,4,0.15,31,0.86,1
6,2557,77000,10996.18,0.88,4,0.15,30,0.71,0
7,2557,76000,10996.18,0.88,4,0.15,30,0.71,0
8,2557,74000,10996.18,0.88,4,0.15,29,0.57,1
9,2557,75000,10996.18,0.88,4,0.15,29,0.57,1
10,2557,74000,10996.18,0.88,4,0.15,29,0.57,1
11,2557,80000,10996.18,0.88,4,0.15,29,0.57,1
12,2557,64000,10996.18,0.88,4,0.15,27,0.29,1
1,2558,63000,10996.18,0.88,4,0.15,26,0.14,1
2,2558,74000,10996.18,0.88,4,0.15,28,0.43,1
3,2558,88000,10996.18,0.88,4,0.15,30,0.71,1
4,2558,85000,10996.18,0.88,4,0.15,30,0.71,1
5,2558,92000,10996.18,0.88,4,0.15,31,0.86,1
6,2558,79000,10996.18,0.88,4,0.15,30,0.71,0
7,2558,84000,10996.18,0.88,4,0.15,30,0.71,0
8,2558,11000,10996.18,0.88,4,0.15,30,0.71,1
9,2558,10800,10996.18,0.88,4,0.15,29,0.57,1
10,2558,11800,10996.18,0.88,4,0.15,29,0.57,1
11,2558,13000,10996.18,0.88,4,0.15,29,0.57,1
12,2558,10200,10996.18,0.88,4,0.15,28,0.43,1
1,2559,13200,10996.18,0.88,4,0.15,27,0.29,1
2,2559,12000,10996.18,0.88,4,0.15,28,0.43,1
3,2559,17600,10996.18,0.88,4,0.15,31,0.86,1
4,2559,14200,10996.18,0.88,4,0.15,32,1.00,1
5,2559,11400,10996.18,0.88,4,0.15,32,1.00,1
6,2559,9400,10996.18,0.88,4,0.15,29,0.57,0
7,2559,8400,10996.18,0.88,4,0.15,29,0.57,0
8,2559,4200,10996.18,0.88,4,0.15,30,0.71,1
9,2559,18200,10996.18,0.88,4,0.15,29,0.57,1
10,2559,11600,10996.18,0.88,4,0.15,29,0.57,1
11,2559,8600,10996.18,0.88,4,0.15,29,0.57,1
12,2559,6600,10996.18,0.88,4,0.15,27,0.29,1
1,2560,65000,10996.18,0.88,4,0.15,27,0.29,1
2,2560,63000,10996.18,0.88,4,0.15,28,0.43,1
3,2560,92000,10996.18,0.88,4,0.15,30,0.71,1
4,2560,79000,10996.18,0.88,4,0.15,31,0.86,1
5,2560,77000,10996.18,0.88,4,0.15,30,0.71,1
6,2560,77000,10996.18,0.88,4,0.15,29,0.57,0
7,2560,62000,10996.18,0.88,4,0.15,29,0.57,0
8,2560,68000,10996.18,0.88,4,0.15,29,0.57,1
9,2560,76000,10996.18,0.88,4,0.15,29,0.57,1
10,2560,67000,10996.18,0.88,4,0.15,28,0.43,1
11,2560,64000,10996.18,0.88,4,0.15,28,0.43,1
12,2560,64000,10996.18,0.88,4,0.15,26,0.14,1
1,2561,63000,10996.18,0.88,4,0.15,27,0.29,1
2,2561,68000,10996.18,0.88,4,0.15,27,0.29,1
3,2561,81000,10996.18,0.88,4,0.15,29,0.57,1
4,2561,74000,10996.18,0.88,4,0.15,29,0.57,1
5,2561,76000,10996.18,0.88,4,0.15,29,0.57,1
6,2561,74000,10996.18,0.88,4,0.15,30,0.71,0
7,2561,70000,10996.18,0.88,4,0.15,29,0.57,0
8,2561,74000,10996.18,0.88,4,0.15,29,0.57,1
9,2561,79000,10996.18,0.88,4,0.15,29,0.57,1
10,2561,76000,10996.18,0.88,4,0.15,29,0.57,1
11,2561,74000,10996.18,0.88,4,0.15,29,0.57,1
12,2561,68000,10996.18,0.88,4,0.15,28,0.43,1
1,2556,15600,5361.88,0.38,4,0.15,28,0.43,1
2,2556,15120,5361.88,0.38,4,0.15,30,0.71,1
3,2556,16800,5361.88,0.38,4,0.15,31,0.86,0
4,2556,14400,5361.88,0.38,4,0.15,32,1.00,0
5,2556,17120,5361.88,0.38,4,0.15,32,1.00,0
6,2556,20000,5361.88,0.38,4,0.15,30,0.71,1
7,2556,17200,5361.88,0.38,4,0.15,30,0.71,1
8,2556,20640,5361.88,0.38,4,0.15,30,0.71,1
9,2556,17280,5361.88,0.38,4,0.15,29,0.57,1
10,2556,14720,5361.88,0.38,4,0.15,29,0.57,0
11,2556,15520,5361.88,0.38,4,0.15,30,0.71,1
12,2556,10560,5361.88,0.38,4,0.15,25,0.00,1
1,2557,13280,5361.88,0.38,4,0.15,25,0.00,1
2,2557,15040,5361.88,0.38,4,0.15,28,0.43,1
3,2557,16000,5361.88,0.38,4,0.15,30,0.71,1
4,2557,15440,5361.88,0.38,4,0.15,31,0.86,1
5,2557,14720,5361.88,0.38,4,0.15,31,0.86,1
6,2557,17440,5361.88,0.38,4,0.15,30,0.71,0
7,2557,14320,5361.88,0.38,4,0.15,30,0.71,0
8,2557,18640,5361.88,0.38,4,0.15,29,0.57,1
9,2557,17440,5361.88,0.38,4,0.15,29,0.57,1
10,2557,16720,5361.88,0.38,4,0.15,29,0.57,1
11,2557,15680,5361.88,0.38,4,0.15,29,0.57,1
12,2557,13760,5361.88,0.38,4,0.15,27,0.29,1
1,2558,12240,5361.88,0.38,4,0.15,26,0.14,1
2,2558,17440,5361.88,0.38,4,0.15,28,0.43,1
3,2558,16160,5361.88,0.38,4,0.15,30,0.71,1
4,2558,17840,5361.88,0.38,4,0.15,30,0.71,1
5,2558,16960,5361.88,0.38,4,0.15,31,0.86,1
6,2558,16640,5361.88,0.38,4,0.15,30,0.71,0
7,2558,17040,5361.88,0.38,4,0.15,30,0.71,0
8,2558,121000,5361.88,0.38,4,0.15,30,0.71,1
9,2558,126000,5361.88,0.38,4,0.15,29,0.57,1
10,2558,112000,5361.88,0.38,4,0.15,29,0.57,1
11,2558,114000,5361.88,0.38,4,0.15,29,0.57,1
12,2558,91000,5361.88,0.38,4,0.15,28,0.43,1
1,2559,96000,5361.88,0.38,4,0.15,27,0.29,1
2,2559,99000,5361.88,0.38,4,0.15,28,0.43,1
3,2559,133000,5361.88,0.38,4,0.15,31,0.86,1
4,2559,132000,5361.88,0.38,4,0.15,32,1.00,1
5,2559,118000,5361.88,0.38,4,0.15,32,1.00,1
6,2559,108000,5361.88,0.38,4,0.15,29,0.57,0
7,2559,108000,5361.88,0.38,4,0.15,29,0.57,0
8,2559,123000,5361.88,0.38,4,0.15,30,0.71,1
9,2559,135000,5361.88,0.38,4,0.15,29,0.57,1
10,2559,74000,5361.88,0.38,4,0.15,29,0.57,1
11,2559,54000,5361.88,0.38,4,0.15,29,0.57,1
12,2559,37000,5361.88,0.38,4,0.15,27,0.29,1
1,2556,4320,3555.36,0.23,6,0.31,28,0.43,1
2,2556,3200,3555.36,0.23,6,0.31,30,0.71,1
3,2556,3360,3555.36,0.23,6,0.31,31,0.86,0
4,2556,2560,3555.36,0.23,6,0.31,32,1.00,0
5,2556,3040,3555.36,0.23,6,0.31,32,1.00,0
6,2556,4320,3555.36,0.23,6,0.31,30,0.71,1
7,2556,4320,3555.36,0.23,6,0.31,30,0.71,1
8,2556,4960,3555.36,0.23,6,0.31,30,0.71,1
9,2556,3680,3555.36,0.23,6,0.31,29,0.57,1
10,2556,2720,3555.36,0.23,6,0.31,29,0.57,0
11,2556,4160,3555.36,0.23,6,0.31,30,0.71,1
12,2556,2720,3555.36,0.23,6,0.31,25,0.00,1
1,2557,3520,3555.36,0.23,6,0.31,25,0.00,1
2,2557,3840,3555.36,0.23,6,0.31,28,0.43,1
3,2557,3040,3555.36,0.23,6,0.31,30,0.71,1
4,2557,2560,3555.36,0.23,6,0.31,31,0.86,1
5,2557,3200,3555.36,0.23,6,0.31,31,0.86,1
6,2557,3840,3555.36,0.23,6,0.31,30,0.71,0
7,2557,3840,3555.36,0.23,6,0.31,30,0.71,0
8,2557,4480,3555.36,0.23,6,0.31,29,0.57,1
9,2557,3840,3555.36,0.23,6,0.31,29,0.57,1
10,2557,4800,3555.36,0.23,6,0.31,29,0.57,1
11,2557,4960,3555.36,0.23,6,0.31,29,0.57,1
12,2557,3520,3555.36,0.23,6,0.31,27,0.29,1
1,2558,3680,3555.36,0.23,6,0.31,26,0.14,1
2,2558,5280,3555.36,0.23,6,0.31,28,0.43,1
3,2558,5600,3555.36,0.23,6,0.31,30,0.71,1
4,2558,5920,3555.36,0.23,6,0.31,30,0.71,1
5,2558,5600,3555.36,0.23,6,0.31,31,0.86,1
6,2558,5120,3555.36,0.23,6,0.31,30,0.71,0
7,2558,5280,3555.36,0.23,6,0.31,30,0.71,0
8,2558,5840,3555.36,0.23,6,0.31,30,0.71,1
9,2558,6320,3555.36,0.23,6,0.31,29,0.57,1
10,2558,4960,3555.36,0.23,6,0.31,29,0.57,1
11,2558,6000,3555.36,0.23,6,0.31,29,0.57,1
12,2558,4640,3555.36,0.23,6,0.31,28,0.43,1
1,2559,5200,3555.36,0.23,6,0.31,27,0.29,1
2,2559,4640,3555.36,0.23,6,0.31,28,0.43,1
3,2559,6880,3555.36,0.23,6,0.31,31,0.86,1
4,2559,6160,3555.36,0.23,6,0.31,32,1.00,1
5,2559,6320,3555.36,0.23,6,0.31,32,1.00,1
6,2559,5120,3555.36,0.23,6,0.31,29,0.57,0
7,2559,4720,3555.36,0.23,6,0.31,29,0.57,0
8,2559,1440,3555.36,0.23,6,0.31,30,0.71,1
9,2559,10000,3555.36,0.23,6,0.31,29,0.57,1
10,2559,6400,3555.36,0.23,6,0.31,29,0.57,1
11,2559,5760,3555.36,0.23,6,0.31,29,0.57,1
12,2559,4320,3555.36,0.23,6,0.31,27,0.29,1
1,2560,5920,3555.36,0.23,6,0.31,27,0.29,1
2,2560,5440,3555.36,0.23,6,0.31,28,0.43,1
3,2560,6080,3555.36,0.23,6,0.31,30,0.71,1
4,2560,5440,3555.36,0.23,6,0.31,31,0.86,1
5,2560,5760,3555.36,0.23,6,0.31,30,0.71,1
6,2560,5600,3555.36,0.23,6,0.31,29,0.57,0
7,2560,6240,3555.36,0.23,6,0.31,29,0.57,0
8,2560,6080,3555.36,0.23,6,0.31,29,0.57,1
9,2560,5920,3555.36,0.23,6,0.31,29,0.57,1
10,2560,6240,3555.36,0.23,6,0.31,28,0.43,1
11,2560,5760,3555.36,0.23,6,0.31,28,0.43,1
12,2560,6080,3555.36,0.23,6,0.31,26,0.14,1
1,2561,2880,3555.36,0.23,6,0.31,27,0.29,1
2,2561,5760,3555.36,0.23,6,0.31,27,0.29,1
3,2561,7360,3555.36,0.23,6,0.31,29,0.57,1
4,2561,7040,3555.36,0.23,6,0.31,29,0.57,1
5,2561,7840,3555.36,0.23,6,0.31,29,0.57,1
6,2561,7520,3555.36,0.23,6,0.31,30,0.71,0
7,2561,7840,3555.36,0.23,6,0.31,29,0.57,0
8,2561,7680,3555.36,0.23,6,0.31,29,0.57,1
9,2561,8000,3555.36,0.23,6,0.31,29,0.57,1
10,2561,8480,3555.36,0.23,6,0.31,29,0.57,1
11,2561,8800,3555.36,0.23,6,0.31,29,0.57,1
12,2561,8000,3555.36,0.23,6,0.31,28,0.43,1
1,2556,11200,3295.93,0.20,4,0.15,28,0.43,1
2,2556,12000,3295.93,0.20,4,0.15,30,0.71,1
3,2556,12600,3295.93,0.20,4,0.15,31,0.86,0
4,2556,8400,3295.93,0.20,4,0.15,32,1.00,0
5,2556,8800,3295.93,0.20,4,0.15,32,1.00,0
6,2556,13600,3295.93,0.20,4,0.15,30,0.71,1
7,2556,10800,3295.93,0.20,4,0.15,30,0.71,1
8,2556,12800,3295.93,0.20,4,0.15,30,0.71,1
9,2556,11400,3295.93,0.20,4,0.15,29,0.57,1
10,2556,10800,3295.93,0.20,4,0.15,29,0.57,0
11,2556,12800,3295.93,0.20,4,0.15,30,0.71,1
12,2556,8200,3295.93,0.20,4,0.15,25,0.00,1
1,2557,10800,3295.93,0.20,4,0.15,25,0.00,1
2,2557,11800,3295.93,0.20,4,0.15,28,0.43,1
3,2557,11000,3295.93,0.20,4,0.15,30,0.71,1
4,2557,9600,3295.93,0.20,4,0.15,31,0.86,1
5,2557,7600,3295.93,0.20,4,0.15,31,0.86,1
6,2557,8400,3295.93,0.20,4,0.15,30,0.71,0
7,2557,7600,3295.93,0.20,4,0.15,30,0.71,0
8,2557,8200,3295.93,0.20,4,0.15,29,0.57,1
9,2557,9800,3295.93,0.20,4,0.15,29,0.57,1
10,2557,9800,3295.93,0.20,4,0.15,29,0.57,1
11,2557,11200,3295.93,0.20,4,0.15,29,0.57,1
12,2557,8000,3295.93,0.20,4,0.15,27,0.29,1
1,2558,8600,3295.93,0.20,4,0.15,26,0.14,1
2,2558,13400,3295.93,0.20,4,0.15,28,0.43,1
3,2558,36800,3295.93,0.20,4,0.15,30,0.71,1
4,2558,31000,3295.93,0.20,4,0.15,30,0.71,1
5,2558,13600,3295.93,0.20,4,0.15,31,0.86,1
6,2558,8600,3295.93,0.20,4,0.15,30,0.71,0
7,2558,11200,3295.93,0.20,4,0.15,30,0.71,0
8,2558,6400,3295.93,0.20,4,0.15,30,0.71,1
9,2558,5760,3295.93,0.20,4,0.15,29,0.57,1
10,2558,6400,3295.93,0.20,4,0.15,29,0.57,1
11,2558,6240,3295.93,0.20,4,0.15,29,0.57,1
12,2558,7200,3295.93,0.20,4,0.15,28,0.43,1
1,2559,6240,3295.93,0.20,4,0.15,27,0.29,1
2,2559,5600,3295.93,0.20,4,0.15,28,0.43,1
3,2559,6560,3295.93,0.20,4,0.15,31,0.86,1
4,2559,5920,3295.93,0.20,4,0.15,32,1.00,1
5,2559,6240,3295.93,0.20,4,0.15,32,1.00,1
6,2559,5280,3295.93,0.20,4,0.15,29,0.57,0
7,2559,7040,3295.93,0.20,4,0.15,29,0.57,0
8,2559,4320,3295.93,0.20,4,0.15,30,0.71,1
9,2559,8480,3295.93,0.20,4,0.15,29,0.57,1
10,2559,5920,3295.93,0.20,4,0.15,29,0.57,1
11,2559,5280,3295.93,0.20,4,0.15,29,0.57,1
12,2559,4160,3295.93,0.20,4,0.15,27,0.29,1
1,2560,12200,3295.93,0.20,4,0.15,27,0.29,1
2,2560,12000,3295.93,0.20,4,0.15,28,0.43,1
3,2560,15800,3295.93,0.20,4,0.15,30,0.71,1
4,2560,12800,3295.93,0.20,4,0.15,31,0.86,1
5,2560,11000,3295.93,0.20,4,0.15,30,0.71,1
6,2560,8200,3295.93,0.20,4,0.15,29,0.57,0
7,2560,9800,3295.93,0.20,4,0.15,29,0.57,0
8,2560,11800,3295.93,0.20,4,0.15,29,0.57,1
9,2560,12000,3295.93,0.20,4,0.15,29,0.57,1
10,2560,10800,3295.93,0.20,4,0.15,28,0.43,1
11,2560,11200,3295.93,0.20,4,0.15,28,0.43,1
12,2560,7200,3295.93,0.20,4,0.15,26,0.14,1
1,2561,11800,3295.93,0.20,4,0.15,27,0.29,1
2,2561,12400,3295.93,0.20,4,0.15,27,0.29,1
3,2561,16200,3295.93,0.20,4,0.15,29,0.57,1
4,2561,15800,3295.93,0.20,4,0.15,29,0.57,1
5,2561,6800,3295.93,0.20,4,0.15,29,0.57,1
6,2561,10200,3295.93,0.20,4,0.15,30,0.71,0
7,2561,11000,3295.93,0.20,4,0.15,29,0.57,0
8,2561,9600,3295.93,0.20,4,0.15,29,0.57,1
9,2561,10600,3295.93,0.20,4,0.15,29,0.57,1
10,2561,13400,3295.93,0.20,4,0.15,29,0.57,1
11,2561,13000,3295.93,0.20,4,0.15,29,0.57,1
12,2561,6200,3295.93,0.20,4,0.15,28,0.43,1
1,2556,38000,2687.59,0.15,6,0.31,28,0.43,1
2,2556,39000,2687.59,0.15,6,0.31,30,0.71,1
3,2556,46000,2687.59,0.15,6,0.31,31,0.86,0
4,2556,34000,2687.59,0.15,6,0.31,32,1.00,0
5,2556,45000,2687.59,0.15,6,0.31,32,1.00,0
6,2556,41000,2687.59,0.15,6,0.31,30,0.71,1
7,2556,39000,2687.59,0.15,6,0.31,30,0.71,1
8,2556,44000,2687.59,0.15,6,0.31,30,0.71,1
9,2556,37000,2687.59,0.15,6,0.31,29,0.57,1
10,2556,38000,2687.59,0.15,6,0.31,29,0.57,0
11,2556,41000,2687.59,0.15,6,0.31,30,0.71,1
12,2556,20000,2687.59,0.15,6,0.31,25,0.00,1
1,2557,28000,2687.59,0.15,6,0.31,25,0.00,1
2,2557,33000,2687.59,0.15,6,0.31,28,0.43,1
3,2557,40000,2687.59,0.15,6,0.31,30,0.71,1
4,2557,40000,2687.59,0.15,6,0.31,31,0.86,1
5,2557,40000,2687.59,0.15,6,0.31,31,0.86,1
6,2557,44000,2687.59,0.15,6,0.31,30,0.71,0
7,2557,37000,2687.59,0.15,6,0.31,30,0.71,0
8,2557,38000,2687.59,0.15,6,0.31,29,0.57,1
9,2557,36000,2687.59,0.15,6,0.31,29,0.57,1
10,2557,36000,2687.59,0.15,6,0.31,29,0.57,1
11,2557,35000,2687.59,0.15,6,0.31,29,0.57,1
12,2557,29000,2687.59,0.15,6,0.31,27,0.29,1
1,2558,29000,2687.59,0.15,6,0.31,26,0.14,1
2,2558,32000,2687.59,0.15,6,0.31,28,0.43,1
3,2558,40000,2687.59,0.15,6,0.31,30,0.71,1
4,2558,38000,2687.59,0.15,6,0.31,30,0.71,1
5,2558,39000,2687.59,0.15,6,0.31,31,0.86,1
6,2558,34000,2687.59,0.15,6,0.31,30,0.71,0
7,2558,39000,2687.59,0.15,6,0.31,30,0.71,0
8,2558,36000,2687.59,0.15,6,0.31,30,0.71,1
9,2558,37000,2687.59,0.15,6,0.31,29,0.57,1
10,2558,31000,2687.59,0.15,6,0.31,29,0.57,1
11,2558,33000,2687.59,0.15,6,0.31,29,0.57,1
12,2558,28000,2687.59,0.15,6,0.31,28,0.43,1
1,2559,27000,2687.59,0.15,6,0.31,27,0.29,1
2,2559,29000,2687.59,0.15,6,0.31,28,0.43,1
3,2559,35000,2687.59,0.15,6,0.31,31,0.86,1
4,2559,31000,2687.59,0.15,6,0.31,32,1.00,1
5,2559,32000,2687.59,0.15,6,0.31,32,1.00,1
6,2559,28000,2687.59,0.15,6,0.31,29,0.57,0
7,2559,26000,2687.59,0.15,6,0.31,29,0.57,0
8,2559,30000,2687.59,0.15,6,0.31,30,0.71,1
9,2559,28000,2687.59,0.15,6,0.31,29,0.57,1
10,2559,27000,2687.59,0.15,6,0.31,29,0.57,1
11,2559,30000,2687.59,0.15,6,0.31,29,0.57,1
12,2559,23000,2687.59,0.15,6,0.31,27,0.29,1
1,2560,26000,2687.59,0.15,6,0.31,27,0.29,1
2,2560,28000,2687.59,0.15,6,0.31,28,0.43,1
3,2560,35000,2687.59,0.15,6,0.31,30,0.71,1
4,2560,30000,2687.59,0.15,6,0.31,31,0.86,1
5,2560,31000,2687.59,0.15,6,0.31,30,0.71,1
6,2560,31000,2687.59,0.15,6,0.31,29,0.57,0
7,2560,29000,2687.59,0.15,6,0.31,29,0.57,0
8,2560,31000,2687.59,0.15,6,0.31,29,0.57,1
9,2560,32000,2687.59,0.15,6,0.31,29,0.57,1
10,2560,24000,2687.59,0.15,6,0.31,28,0.43,1
11,2560,30000,2687.59,0.15,6,0.31,28,0.43,1
12,2560,30000,2687.59,0.15,6,0.31,26,0.14,1
1,2561,25000,2687.59,0.15,6,0.31,27,0.29,1
2,2561,24000,2687.59,0.15,6,0.31,27,0.29,1
3,2561,30000,2687.59,0.15,6,0.31,29,0.57,1
4,2561,26000,2687.59,0.15,6,0.31,29,0.57,1
5,2561,28000,2687.59,0.15,6,0.31,29,0.57,1
6,2561,29000,2687.59,0.15,6,0.31,30,0.71,0
7,2561,27000,2687.59,0.15,6,0.31,29,0.57,0
8,2561,29000,2687.59,0.15,6,0.31,29,0.57,1
9,2561,32000,2687.59,0.15,6,0.31,29,0.57,1
10,2561,31000,2687.59,0.15,6,0.31,29,0.57,1
11,2561,31000,2687.59,0.15,6,0.31,29,0.57,1
12,2561,14000,2687.59,0.15,6,0.31,28,0.43,1
1,2556,72000,9570.37,0.75,5,0.23,28,0.43,1
2,2556,81000,9570.37,0.75,5,0.23,30,0.71,1
3,2556,91000,9570.37,0.75,5,0.23,31,0.86,0
4,2556,80000,9570.37,0.75,5,0.23,32,1.00,0
5,2556,87000,9570.37,0.75,5,0.23,32,1.00,0
6,2556,84000,9570.37,0.75,5,0.23,30,0.71,1
7,2556,79000,9570.37,0.75,5,0.23,30,0.71,1
8,2556,81000,9570.37,0.75,5,0.23,30,0.71,1
9,2556,71000,9570.37,0.75,5,0.23,29,0.57,1
10,2556,76000,9570.37,0.75,5,0.23,29,0.57,0
11,2556,79000,9570.37,0.75,5,0.23,30,0.71,1
12,2556,61000,9570.37,0.75,5,0.23,25,0.00,1
1,2557,61000,9570.37,0.75,5,0.23,25,0.00,1
2,2557,73000,9570.37,0.75,5,0.23,28,0.43,1
3,2557,87000,9570.37,0.75,5,0.23,30,0.71,1
4,2557,80000,9570.37,0.75,5,0.23,31,0.86,1
5,2557,86000,9570.37,0.75,5,0.23,31,0.86,1
6,2557,82000,9570.37,0.75,5,0.23,30,0.71,0
7,2557,81000,9570.37,0.75,5,0.23,30,0.71,0
8,2557,81000,9570.37,0.75,5,0.23,29,0.57,1
9,2557,77000,9570.37,0.75,5,0.23,29,0.57,1
10,2557,77000,9570.37,0.75,5,0.23,29,0.57,1
11,2557,79000,9570.37,0.75,5,0.23,29,0.57,1
12,2557,69000,9570.37,0.75,5,0.23,27,0.29,1
1,2558,65000,9570.37,0.75,5,0.23,26,0.14,1
2,2558,73000,9570.37,0.75,5,0.23,28,0.43,1
3,2558,80000,9570.37,0.75,5,0.23,30,0.71,1
4,2558,78000,9570.37,0.75,5,0.23,30,0.71,1
5,2558,88000,9570.37,0.75,5,0.23,31,0.86,1
6,2558,79000,9570.37,0.75,5,0.23,30,0.71,0
7,2558,84000,9570.37,0.75,5,0.23,30,0.71,0
8,2558,76000,9570.37,0.75,5,0.23,30,0.71,1
9,2558,77000,9570.37,0.75,5,0.23,29,0.57,1
10,2558,77000,9570.37,0.75,5,0.23,29,0.57,1
11,2558,72000,9570.37,0.75,5,0.23,29,0.57,1
12,2558,69000,9570.37,0.75,5,0.23,28,0.43,1
1,2559,64000,9570.37,0.75,5,0.23,27,0.29,1
2,2559,56000,9570.37,0.75,5,0.23,28,0.43,1
3,2559,77000,9570.37,0.75,5,0.23,31,0.86,1
4,2559,81000,9570.37,0.75,5,0.23,32,1.00,1
5,2559,67000,9570.37,0.75,5,0.23,32,1.00,1
6,2559,63000,9570.37,0.75,5,0.23,29,0.57,0
7,2559,64000,9570.37,0.75,5,0.23,29,0.57,0
8,2559,60000,9570.37,0.75,5,0.23,30,0.71,1
9,2559,59000,9570.37,0.75,5,0.23,29,0.57,1
10,2559,58000,9570.37,0.75,5,0.23,29,0.57,1
11,2559,58000,9570.37,0.75,5,0.23,29,0.57,1
12,2559,48000,9570.37,0.75,5,0.23,27,0.29,1
1,2560,52000,9570.37,0.75,5,0.23,27,0.29,1
2,2560,48000,9570.37,0.75,5,0.23,28,0.43,1
3,2560,65000,9570.37,0.75,5,0.23,30,0.71,1
4,2560,54000,9570.37,0.75,5,0.23,31,0.86,1
5,2560,56000,9570.37,0.75,5,0.23,30,0.71,1
6,2560,56000,9570.37,0.75,5,0.23,29,0.57,0
7,2560,57000,9570.37,0.75,5,0.23,29,0.57,0
8,2560,57000,9570.37,0.75,5,0.23,29,0.57,1
9,2560,58000,9570.37,0.75,5,0.23,29,0.57,1
10,2560,50000,9570.37,0.75,5,0.23,28,0.43,1
11,2560,52000,9570.37,0.75,5,0.23,28,0.43,1
12,2560,52000,9570.37,0.75,5,0.23,26,0.14,1
1,2561,55000,9570.37,0.75,5,0.23,27,0.29,1
2,2561,52000,9570.37,0.75,5,0.23,27,0.29,1
3,2561,64000,9570.37,0.75,5,0.23,29,0.57,1
4,2561,62000,9570.37,0.75,5,0.23,29,0.57,1
5,2561,63000,9570.37,0.75,5,0.23,29,0.57,1
6,2561,56000,9570.37,0.75,5,0.23,30,0.71,0
7,2561,51000,9570.37,0.75,5,0.23,29,0.57,0
8,2561,53000,9570.37,0.75,5,0.23,29,0.57,1
9,2561,56000,9570.37,0.75,5,0.23,29,0.57,1
10,2561,57000,9570.37,0.75,5,0.23,29,0.57,1
11,2561,56000,9570.37,0.75,5,0.23,29,0.57,1
12,2561,53000,9570.37,0.75,5,0.23,28,0.43,1